Model ID,Hydraulic Conductivity,Surface Slope (S),Barrier Depth,D*,Barrier Location,L*,R_intrusionUZF,R_intrusionCHD,R_flowUZF,R_flowCHD,R_emergence
0,0.01,0.005,18,0.9,0,0,0,0,0.724686455,1.5154424,0.028248588
1,0.01,0.005,16,0.8,0,0,0,0,0.737433066,1.4754844,0.028248588
2,0.01,0.005,14,0.7,0,0,0,0,0.767918548,1.4159124,0.028248588
3,0.01,0.005,12,0.6,0,0,0,0,0.79467441,1.3589566,0.028248588
4,0.01,0.005,10,0.5,0,0,0,0,0.819804839,1.3087213,0.028248588
5,0.01,0.005,8,0.4,0,0,0,0,0.843478199,1.2635525,0.028248588
6,0.01,0.005,6,0.3,0,0,0,0,0.867235334,1.2208846,0.028248588
7,0.01,0.005,4,0.2,0,0,0,0,0.892461175,1.1772939,0.028248588
8,0.01,0.005,2,0.1,0,0,0,0,0.923714067,1.1249665,0.028248588
9,0.1,0.005,18,0.9,0,0,0,0,1,1.9413563,0.028248588
10,0.1,0.005,16,0.8,0,0,0,0,1,1.9249724,0.028248588
11,0.1,0.005,14,0.7,0,0,0,0,1,1.8993521,0.028248588
12,0.1,0.005,12,0.6,0,0,0,0,1,1.8667749,0.028248588
13,0.1,0.005,10,0.5,0,0,0,0,1,1.8209236,0.028248588
14,0.1,0.005,8,0.4,0,0,0,0,1,1.7525166,0.028248588
15,0.1,0.005,6,0.3,0,0,0,0.026315789,1,1.6602857,0.028248588
16,0.1,0.005,4,0.2,0,0,0,0.026315789,1,1.5508119,0.028248588
17,0.1,0.005,2,0.1,0,0,0.026315789,0.052631579,1,1.4291596,0.028248588
18,1,0.005,18,0.9,0,0,0,0,1,1.3091228,0.028248588
19,1,0.005,16,0.8,0,0,0,0,1,1.310952,0.028248588
20,1,0.005,14,0.7,0,0,0,0,1,1.2998606,0.028248588
21,1,0.005,12,0.6,0,0,0,0,1,1.2838976,0.028248588
22,1,0.005,10,0.5,0,0,0,0,1,1.2657669,0.028248588
23,1,0.005,8,0.4,0,0,0,0,1,1.2461355,0.028248588
24,1,0.005,6,0.3,0,0,0,0.015873016,1,1.2251554,0.028248588
25,1,0.005,4,0.2,0,0,0.015625,0.031746032,1,1.2016196,0.028248588
26,1,0.005,2,0.1,0,0,0.046875,0.047619048,1,1.1717293,0.028248588
27,10,0.005,18,0.9,0,0,0.005291005,0,1,1.1967846,0.073446328
28,10,0.005,16,0.8,0,0,0.005291005,-0.015873016,1,1.2028365,0.073446328
29,10,0.005,14,0.7,0,0,0,-0.015873016,1,1.2005926,0.073446328
30,10,0.005,12,0.6,0,0,0.015873016,-0.015873016,1,1.1943666,0.073446328
31,10,0.005,10,0.5,0,0,0.015873016,0,1,1.1856534,0.073446328
32,10,0.005,8,0.4,0,0,0.010582011,0,1,1.1754498,0.073446328
33,10,0.005,6,0.3,0,0,0.010582011,0,1,1.1630694,0.06779661
34,10,0.005,4,0.2,0,0,0.010582011,0.015873016,1,1.1483092,0.06779661
35,10,0.005,2,0.1,0,0,0.026455026,0.031746032,1,1.1277794,0.06779661
36,0.01,0.005,18,0.9,30,0.03,0,0,0.786612129,0.5963368,0
37,0.01,0.005,16,0.8,30,0.03,0,0,0.821125269,0.6511834,0
38,0.01,0.005,14,0.7,30,0.03,0,0,0.849608709,0.69687253,0
39,0.01,0.005,12,0.6,30,0.03,0,0,0.872716994,0.7364761,0
40,0.01,0.005,10,0.5,30,0.03,0,0,0.891466382,0.771745,0
41,0.01,0.005,8,0.4,30,0.03,0,0,0.908008108,0.8041676,0
42,0.01,0.005,6,0.3,30,0.03,0,0,0.923301018,0.8353089,0
43,0.01,0.005,4,0.2,30,0.03,0,0,0.938717389,0.8674409,0
44,0.01,0.005,2,0.1,30,0.03,0,0,0.957020653,0.90623933,0
45,0.1,0.005,18,0.9,30,0.03,0,0,1,1.4859374,0
46,0.1,0.005,16,0.8,30,0.03,0,0,1,1.5374756,0
47,0.1,0.005,14,0.7,30,0.03,0,0,1,1.5717535,0
48,0.1,0.005,12,0.6,30,0.03,0,0,1,1.5825835,0
49,0.1,0.005,10,0.5,30,0.03,0,0,1,1.5680728,0
50,0.1,0.005,8,0.4,30,0.03,0,0,1,1.5315684,0
51,0.1,0.005,6,0.3,30,0.03,0,0,1,1.477151,0
52,0.1,0.005,4,0.2,30,0.03,0,0,1,1.4081708,0
53,0.1,0.005,2,0.1,30,0.03,0,0,1,1.3162527,0
54,1,0.005,18,0.9,30,0.03,0,0,1,1.0834227,0.005847953
55,1,0.005,16,0.8,30,0.03,0,0,1,1.1189187,0.005847953
56,1,0.005,14,0.7,30,0.03,0,0,1,1.1252221,0.005847953
57,1,0.005,12,0.6,30,0.03,0,0,1,1.1246339,0.005847953
58,1,0.005,10,0.5,30,0.03,0,0,1,1.1238827,0.005847953
59,1,0.005,8,0.4,30,0.03,0,0,1,1.1224315,0.005847953
60,1,0.005,6,0.3,30,0.03,0,0.015873016,1,1.1201748,0.005847953
61,1,0.005,4,0.2,30,0.03,0.015625,0.015873016,1,1.1165915,0.005847953
62,1,0.005,2,0.1,30,0.03,0.03125,0.031746032,1,1.1093477,0.005847953
63,10,0.005,18,0.9,30,0.03,0,0,1,1.0354927,0.040935673
64,10,0.005,16,0.8,30,0.03,0.010582011,0,1,1.0778316,0.046783626
65,10,0.005,14,0.7,30,0.03,0.005291005,0,1,1.0923882,0.046783626
66,10,0.005,12,0.6,30,0.03,0.010582011,0,1,1.0921842,0.046783626
67,10,0.005,10,0.5,30,0.03,0.010582011,0,1,1.0915701,0.046783626
68,10,0.005,8,0.4,30,0.03,0.015873016,0,1,1.0909064,0.046783626
69,10,0.005,6,0.3,30,0.03,0.015873016,0,1,1.0890054,0.040935673
70,10,0.005,4,0.2,30,0.03,0.021164021,0,1,1.0865515,0.040935673
71,10,0.005,2,0.1,30,0.03,0.026455026,0.015873016,1,1.0813609,0.040935673
72,0.01,0.005,18,0.9,50,0.05,0,0,0.734627204,0.37640795,0
73,0.01,0.005,16,0.8,50,0.05,0,0,0.749886735,0.437953,0
74,0.01,0.005,14,0.7,50,0.05,0,0,0.769108777,0.49397358,0
75,0.01,0.005,12,0.6,50,0.05,0,0,0.790007917,0.5469018,0
76,0.01,0.005,10,0.5,50,0.05,0,0,0.811684441,0.59800065,0
77,0.01,0.005,8,0.4,50,0.05,0,0,0.834310633,0.6485008,0
78,0.01,0.005,6,0.3,50,0.05,0,0,0.858138066,0.70011437,0
79,0.01,0.005,4,0.2,50,0.05,0,0,0.88471718,0.7561055,0
80,0.01,0.005,2,0.1,50,0.05,0,0,0.918292561,0.826247,0
81,0.1,0.005,18,0.9,50,0.05,0,0,0.99803184,1.0298896,0
82,0.1,0.005,16,0.8,50,0.05,0,0,0.996198028,1.0897572,0
83,0.1,0.005,14,0.7,50,0.05,0,0,1,1.1441096,0
84,0.1,0.005,12,0.6,50,0.05,0,0,1,1.1941545,0
85,0.1,0.005,10,0.5,50,0.05,0,0,1,1.2384636,0
86,0.1,0.005,8,0.4,50,0.05,0,0,1,1.2728542,0
87,0.1,0.005,6,0.3,50,0.05,0,0,1,1.2874796,0
88,0.1,0.005,4,0.2,50,0.05,0,0,1,1.2705587,0
89,0.1,0.005,2,0.1,50,0.05,0,0,1,1.2149553,0
90,1,0.005,18,0.9,50,0.05,0,0,1,0.9963072,0
91,1,0.005,16,0.8,50,0.05,0,0,1,1.0510443,0
92,1,0.005,14,0.7,50,0.05,0,0,1,1.0878677,0
93,1,0.005,12,0.6,50,0.05,0,0,1,1.0999571,0
94,1,0.005,10,0.5,50,0.05,0,0,1,1.0986785,0
95,1,0.005,8,0.4,50,0.05,0,0,1,1.0976881,0
96,1,0.005,6,0.3,50,0.05,0,0,1,1.0962493,0
97,1,0.005,4,0.2,50,0.05,0,0.015873016,1,1.0939981,0
98,1,0.005,2,0.1,50,0.05,0.015625,0.031746032,1,1.089418,0
99,10,0.005,18,0.9,50,0.05,0.005291005,0,1,0.95222646,0.02994012
100,10,0.005,16,0.8,50,0.05,0.010582011,0,1,1.009059,0.035928144
101,10,0.005,14,0.7,50,0.05,0.010582011,0,1,1.0508428,0.035928144
102,10,0.005,12,0.6,50,0.05,0.015873016,-0.015873016,1,1.0721949,0.035928144
103,10,0.005,10,0.5,50,0.05,0.021164021,-0.015873016,1,1.0722538,0.035928144
104,10,0.005,8,0.4,50,0.05,0.021164021,0,1,1.071954,0.035928144
105,10,0.005,6,0.3,50,0.05,0.026455026,0,1,1.0711074,0.035928144
106,10,0.005,4,0.2,50,0.05,0.031746032,0,1,1.0694107,0.035928144
107,10,0.005,2,0.1,50,0.05,0.037037037,0.015873016,1,1.0666425,0.035928144
108,0.01,0.005,18,0.9,100,0.1,0,0,0.423857953,0.18439747,0
109,0.01,0.005,16,0.8,100,0.1,0,0,0.471245185,0.2506863,0
110,0.01,0.005,14,0.7,100,0.1,0,0,0.517480764,0.31419757,0
111,0.01,0.005,12,0.6,100,0.1,0,0,0.562564835,0.37718078,0
112,0.01,0.005,10,0.5,100,0.1,0,0,0.607806597,0.44079238,0
113,0.01,0.005,8,0.4,100,0.1,0,0,0.654162561,0.50626993,0
114,0.01,0.005,6,0.3,100,0.1,0,0,0.702962106,0.5755831,0
115,0.01,0.005,4,0.2,100,0.1,0,0,0.757307505,0.6529399,0
116,0.01,0.005,2,0.1,100,0.1,0,0,0.826532352,0.7518356,0
117,0.1,0.005,18,0.9,100,0.1,0,0,0.413415784,0.35740575,0
118,0.1,0.005,16,0.8,100,0.1,0,0,0.472526757,0.42052802,0
119,0.1,0.005,14,0.7,100,0.1,0,0,0.5275223,0.47881588,0
120,0.1,0.005,12,0.6,100,0.1,0,0,0.57952123,0.53449786,0
121,0.1,0.005,10,0.5,100,0.1,0,0,0.629932211,0.588597,0
122,0.1,0.005,8,0.4,100,0.1,0,0,0.67935272,0.6420865,0
123,0.1,0.005,6,0.3,100,0.1,0,0,0.729045997,0.6964253,0
124,0.1,0.005,4,0.2,100,0.1,0,0,0.781732522,0.7546588,0
125,0.1,0.005,2,0.1,100,0.1,0,-0.026315789,0.846033679,0.82637644,0
126,1,0.005,18,0.9,100,0.1,0,0,1,0.7765822,0
127,1,0.005,16,0.8,100,0.1,0,0,1,0.843244,0
128,1,0.005,14,0.7,100,0.1,0,0,1,0.90675837,0
129,1,0.005,12,0.6,100,0.1,0,0,1,0.96725094,0
130,1,0.005,10,0.5,100,0.1,0,0,1,1.0200061,0
131,1,0.005,8,0.4,100,0.1,0,0,1,1.0543952,0
132,1,0.005,6,0.3,100,0.1,0,-0.015873016,1,1.058692,0
133,1,0.005,4,0.2,100,0.1,0,-0.015873016,1,1.0570414,0
134,1,0.005,2,0.1,100,0.1,0,0,1,1.0546829,0
135,10,0.005,18,0.9,100,0.1,0.021164021,0,1,0.7427193,0
136,10,0.005,16,0.8,100,0.1,0.047619048,0,1,0.8095153,0.012738854
137,10,0.005,14,0.7,100,0.1,0.08994709,0,1,0.87367755,0.01910828
138,10,0.005,12,0.6,100,0.1,0.116402116,0,1,0.9357173,0.025477707
139,10,0.005,10,0.5,100,0.1,0.142857143,0,1,0.9910545,0.031847134
140,10,0.005,8,0.4,100,0.1,0.116402116,-0.015873016,1,1.0297272,0.031847134
141,10,0.005,6,0.3,100,0.1,0.142857143,-0.015873016,1,1.0394361,0.031847134
142,10,0.005,4,0.2,100,0.1,0.142857143,-0.015873016,1,1.0385311,0.031847134
143,10,0.005,2,0.1,100,0.1,0.148148148,-0.015873016,1,1.0373299,0.031847134
144,0.01,0.005,18,0.9,150,0.15,0,0,0.359541475,0.14237121,0
145,0.01,0.005,16,0.8,150,0.15,0,0,0.410271248,0.20980215,0
146,0.01,0.005,14,0.7,150,0.15,0,0,0.458792834,0.27499288,0
147,0.01,0.005,12,0.6,150,0.15,0,0,0.506801567,0.34017384,0
148,0.01,0.005,10,0.5,150,0.15,0,0,0.556342843,0.40649617,0
149,0.01,0.005,8,0.4,150,0.15,0,0,0.607721953,0.4752136,0
150,0.01,0.005,6,0.3,150,0.15,0,0,0.662245668,0.54836035,0
151,0.01,0.005,4,0.2,150,0.15,0,0,0.723212558,0.63034964,0
152,0.01,0.005,2,0.1,150,0.15,0,0,0.802115259,0.735468,0
153,0.1,0.005,18,0.9,150,0.15,0,0,0.193914188,0.17889251,0
154,0.1,0.005,16,0.8,150,0.15,0,0,0.256854651,0.24553636,0
155,0.1,0.005,14,0.7,150,0.15,0,0,0.318585022,0.30943277,0
156,0.1,0.005,12,0.6,150,0.15,0,0,0.380076492,0.37282985,0
157,0.1,0.005,10,0.5,150,0.15,0,0,0.442436909,0.43688104,0
158,0.1,0.005,8,0.4,150,0.15,0,0,0.506612315,0.50282264,0
159,0.1,0.005,6,0.3,150,0.15,0,0,0.574480747,0.57262695,0
160,0.1,0.005,4,0.2,150,0.15,0,0,0.650826672,0.65051687,0
161,0.1,0.005,2,0.1,150,0.15,0,0,0.749292288,0.75004774,0
162,1,0.005,18,0.9,150,0.15,0,0,0.84482724,0.51340127,0
163,1,0.005,16,0.8,150,0.15,0,0,0.881456975,0.5816701,0
164,1,0.005,14,0.7,150,0.15,0,0,0.932262534,0.6494505,0
165,1,0.005,12,0.6,150,0.15,0,0,1,0.71978885,0.006802721
166,1,0.005,10,0.5,150,0.15,0,0,1,0.7943761,0.006802721
167,1,0.005,8,0.4,150,0.15,0,0,1,0.87356627,0.006802721
168,1,0.005,6,0.3,150,0.15,0,0,1,0.953676,0.006802721
169,1,0.005,4,0.2,150,0.15,0,0,1,1.0177346,0.006802721
170,1,0.005,2,0.1,150,0.15,0,-0.015873016,1,1.0262312,0.006802721
171,10,0.005,18,0.9,150,0.15,0.010582011,0,0.587122481,0.49507955,0
172,10,0.005,16,0.8,150,0.15,0.037037037,0,0.708746029,0.5633791,0
173,10,0.005,14,0.7,150,0.15,0.105820106,0,1,0.63118994,0
174,10,0.005,12,0.6,150,0.15,0.195767196,0,1,0.7014864,0.006802721
175,10,0.005,10,0.5,150,0.15,0.28042328,0,1,0.77582777,0.013605442
176,10,0.005,8,0.4,150,0.15,0.322751323,0,1,0.85509694,0.020408163
177,10,0.005,6,0.3,150,0.15,0.317460317,0,1,0.9368298,0.027210884
178,10,0.005,4,0.2,150,0.15,0.264550265,-0.015873016,1,1.0014055,0.027210884
179,10,0.005,2,0.1,150,0.15,0.259259259,-0.031746032,1,1.0148236,0.027210884
180,0.01,0.005,18,0.9,200,0.2,0,0,0.346787011,0.13040654,0
181,0.01,0.005,16,0.8,200,0.2,0,0,0.397106358,0.19830745,0
182,0.01,0.005,14,0.7,200,0.2,0,0,0.445715245,0.26407915,0
183,0.01,0.005,12,0.6,200,0.2,0,0,0.495010441,0.3299506,0
184,0.01,0.005,10,0.5,200,0.2,0,0,0.54541378,0.39707392,0
185,0.01,0.005,8,0.4,200,0.2,0,0,0.597867253,0.46670917,0
186,0.01,0.005,6,0.3,200,0.2,0,0,0.653191043,0.5409096,0
187,0.01,0.005,4,0.2,200,0.2,0,0,0.716130262,0.62414205,0
188,0.01,0.005,2,0.1,200,0.2,0,0,0.796848323,0.73089445,0
189,0.1,0.005,18,0.9,200,0.2,0,0,0.143999951,0.1380266,0
190,0.1,0.005,16,0.8,200,0.2,0,0,0.208072848,0.20576166,0
191,0.1,0.005,14,0.7,200,0.2,0,0,0.271434574,0.27126035,0
192,0.1,0.005,12,0.6,200,0.2,0,0,0.335339068,0.33675554,0
193,0.1,0.005,10,0.5,200,0.2,0,0,0.400128376,0.4034004,0
194,0.1,0.005,8,0.4,200,0.2,0,0,0.467610406,0.47245193,0
195,0.1,0.005,6,0.3,200,0.2,0,0,0.540080123,0.54595107,0
196,0.1,0.005,4,0.2,200,0.2,0,0,0.622002427,0.62832594,0
197,0.1,0.005,2,0.1,200,0.2,0,0,0.727643794,0.73391426,0
198,1,0.005,18,0.9,200,0.2,0,0,0.390147999,0.27123845,0
199,1,0.005,16,0.8,200,0.2,0,0,0.452542746,0.33798188,0
200,1,0.005,14,0.7,200,0.2,0,0,0.517549024,0.40203455,0
201,1,0.005,12,0.6,200,0.2,0,0,0.588606432,0.46576905,0
202,1,0.005,10,0.5,200,0.2,0,0,0.67046603,0.53049487,0.00729927
203,1,0.005,8,0.4,200,0.2,0,0,0.77211759,0.5977312,0.00729927
204,1,0.005,6,0.3,200,0.2,0.015625,0.015873016,0.835308075,0.6696937,0.00729927
205,1,0.005,4,0.2,200,0.2,0.015625,0.015873016,0.916183037,0.74990684,0.00729927
206,1,0.005,2,0.1,200,0.2,0.015625,0.015873016,0.926647577,0.847184,0.00729927
207,10,0.005,18,0.9,200,0.2,0.010582011,0,0.519775532,0.26673624,0
208,10,0.005,16,0.8,200,0.2,0.031746032,0,0.561411767,0.33354506,0
209,10,0.005,14,0.7,200,0.2,0.058201058,0,0.702868717,0.39769763,0
210,10,0.005,12,0.6,200,0.2,0.148148148,0,1,0.4615325,0
211,10,0.005,10,0.5,200,0.2,0.243386243,0,1,0.5263463,0
212,10,0.005,8,0.4,200,0.2,0.386243386,0,1,0.5934712,0
213,10,0.005,6,0.3,200,0.2,0.518518519,0.015873016,1,0.6649507,0.00729927
214,10,0.005,4,0.2,200,0.2,0.571428571,0.015873016,1,0.74390364,0.01459854
215,10,0.005,2,0.1,200,0.2,0.470899471,0.015873016,1,0.8409045,0.02919708
216,0.01,0.005,18,0.9,300,0.3,0,0,0.342727291,0.119988665,0
217,0.01,0.005,16,0.8,300,0.3,0,0,0.393063027,0.188528,0
218,0.01,0.005,14,0.7,300,0.3,0,0,0.441560528,0.2549686,0
219,0.01,0.005,12,0.6,300,0.3,0,0,0.490943181,0.32154396,0
220,0.01,0.005,10,0.5,300,0.3,0,0,0.541746873,0.3894107,0
221,0.01,0.005,8,0.4,300,0.3,0,0,0.59433222,0.4598374,0
222,0.01,0.005,6,0.3,300,0.3,0,0,0.650449082,0.5348941,0
223,0.01,0.005,4,0.2,300,0.3,0,0,0.713353109,0.61908764,0
224,0.01,0.005,2,0.1,300,0.3,0,0,0.794842681,0.72704536,0
225,0.1,0.005,18,0.9,300,0.3,0,0,0.127852886,0.120327376,0
226,0.1,0.005,16,0.8,300,0.3,0,0,0.192355509,0.18885933,0
227,0.1,0.005,14,0.7,300,0.3,0,0,0.256378287,0.25528783,0
228,0.1,0.005,12,0.6,300,0.3,0,0,0.320922351,0.32184646,0
229,0.1,0.005,10,0.5,300,0.3,0,0,0.386450637,0.38969183,0
230,0.1,0.005,8,0.4,300,0.3,0,0,0.455216733,0.46009263,0
231,0.1,0.005,6,0.3,300,0.3,0,0,0.529160501,0.5351182,0
232,0.1,0.005,4,0.2,300,0.3,0,0,0.612398923,0.6192736,0
233,0.1,0.005,2,0.1,300,0.3,0,0,0.720613973,0.7271796,0
234,1,0.005,18,0.9,300,0.3,0,0,0.072608748,0.12709029,0
235,1,0.005,16,0.8,300,0.3,0,0,0.123759762,0.19547729,0
236,1,0.005,14,0.7,300,0.3,0,0,0.17430552,0.26166725,0
237,1,0.005,12,0.6,300,0.3,0,0,0.225551416,0.3278975,0
238,1,0.005,10,0.5,300,0.3,0,0,0.279014827,0.39532498,0
239,1,0.005,8,0.4,300,0.3,0,0,0.336652463,0.4652148,0
240,1,0.005,6,0.3,300,0.3,0,0,0.401561443,0.5396256,0.008547009
241,1,0.005,4,0.2,300,0.3,0,0,0.480195554,0.62302583,0.008547009
242,1,0.005,2,0.1,300,0.3,0,0,0.593668832,0.7299007,0.008547009
243,10,0.005,18,0.9,300,0.3,0.026455026,0,0.417789309,0.12694323,0
244,10,0.005,16,0.8,300,0.3,0.031746032,0,0.399200485,0.19533403,0
245,10,0.005,14,0.7,300,0.3,0.047619048,0,0.41307,0.2615304,0
246,10,0.005,12,0.6,300,0.3,0.095238095,0,0.475207797,0.32776943,0
247,10,0.005,10,0.5,300,0.3,0.153439153,0,0.652110558,0.39520827,0
248,10,0.005,8,0.4,300,0.3,0.264550265,0,1,0.46511212,0
249,10,0.005,6,0.3,300,0.3,0.407407407,0,1,0.5395386,0
250,10,0.005,4,0.2,300,0.3,0.518518519,0,1,0.6229574,0
251,10,0.005,2,0.1,300,0.3,0.560846561,-0.015873016,1,0.7298551,0
252,0.01,0.007,18,0.9,0,0,0,0,0.712535258,1.3140204,0.016393443
253,0.01,0.007,16,0.8,0,0,0,0,0.714566571,1.3050566,0.016393443
254,0.01,0.007,14,0.7,0,0,0,0,0.728062813,1.2820314,0.016393443
255,0.01,0.007,12,0.6,0,0,0,0,0.744887808,1.2572196,0.016393443
256,0.01,0.007,10,0.5,0,0,0,0,0.763698502,1.232317,0.016393443
257,0.01,0.007,8,0.4,0,0,0,0,0.784991886,1.2067367,0.016393443
258,0.01,0.007,6,0.3,0,0,0,0,0.810044786,1.1791607,0.016393443
259,0.01,0.007,4,0.2,0,0,0,0,0.841253006,1.1473614,0.016393443
260,0.01,0.007,2,0.1,0,0,0,0,0.885245504,1.1053721,0.016393443
261,0.1,0.007,18,0.9,0,0,0,0,1,1.5451573,0.016393443
262,0.1,0.007,16,0.8,0,0,0,0,1,1.5397699,0.016393443
263,0.1,0.007,14,0.7,0,0,0,0,1,1.5223204,0.016393443
264,0.1,0.007,12,0.6,0,0,0,0,1,1.4954116,0.016393443
265,0.1,0.007,10,0.5,0,0,0,0.03030303,1,1.4578787,0.016393443
266,0.1,0.007,8,0.4,0,0,0,0.03030303,1,1.4159617,0.016393443
267,0.1,0.007,6,0.3,0,0,0,0.03030303,1,1.3753214,0.016393443
268,0.1,0.007,4,0.2,0,0,0.03030303,0.060606061,1,1.3319016,0.016393443
269,0.1,0.007,2,0.1,0,0,0.060606061,0.090909091,1,1.2711785,0.016393443
270,1,0.007,18,0.9,0,0,0,0,1,1.1994509,0.021857923
271,1,0.007,16,0.8,0,0,0,0,1,1.2039646,0.021857923
272,1,0.007,14,0.7,0,0,0,0,1,1.1998893,0.021857923
273,1,0.007,12,0.6,0,0,0,0,1,1.1921362,0.016393443
274,1,0.007,10,0.5,0,0,0.021276596,0,1,1.1824431,0.016393443
275,1,0.007,8,0.4,0,0,0.021276596,0,1,1.171555,0.016393443
276,1,0.007,6,0.3,0,0,0.021276596,0,1,1.1592724,0.016393443
277,1,0.007,4,0.2,0,0,0.042553191,0.022222222,1,1.144495,0.016393443
278,1,0.007,2,0.1,0,0,0.063829787,0.044444444,1,1.1238707,0.016393443
279,10,0.007,18,0.9,0,0,0.017964072,0,1,1.1486207,0.054644809
280,10,0.007,16,0.8,0,0,0,0,1,1.1547562,0.054644809
281,10,0.007,14,0.7,0,0,0.017964072,0,1,1.1540552,0.054644809
282,10,0.007,12,0.6,0,0,0.035928144,0,1,1.1505061,0.054644809
283,10,0.007,10,0.5,0,0,0.035928144,0,1,1.1451106,0.054644809
284,10,0.007,8,0.4,0,0,0.035928144,0,1,1.1385627,0.054644809
285,10,0.007,6,0.3,0,0,0.041916168,0.022222222,1,1.1310016,0.054644809
286,10,0.007,4,0.2,0,0,0.017964072,0.022222222,1,1.119954,0.049180328
287,10,0.007,2,0.1,0,0,0.05988024,0.044444444,1,1.1044964,0.049180328
288,0.01,0.007,18,0.9,30,0.03,0,0,0.749998243,0.56040496,0
289,0.01,0.007,16,0.8,30,0.03,0,0,0.777654351,0.61562985,0
290,0.01,0.007,14,0.7,30,0.03,0,0,0.802905394,0.6628644,0
291,0.01,0.007,12,0.6,30,0.03,0,0,0.826879561,0.70483357,0
292,0.01,0.007,10,0.5,30,0.03,0,0,0.849119778,0.7430216,0
293,0.01,0.007,8,0.4,30,0.03,0,0,0.870160318,0.77872664,0
294,0.01,0.007,6,0.3,30,0.03,0,0,0.890700463,0.8134446,0
295,0.01,0.007,4,0.2,30,0.03,0,-0.071428571,0.912047245,0.849557,0
296,0.01,0.007,2,0.1,30,0.03,0,-0.071428571,0.937869346,0.8933953,0
297,0.1,0.007,18,0.9,30,0.03,0,0,1,1.1432985,0
298,0.1,0.007,16,0.8,30,0.03,0,0,1,1.1988786,0
299,0.1,0.007,14,0.7,30,0.03,0,0,1,1.2440908,0
300,0.1,0.007,12,0.6,30,0.03,0,0,1,1.2757397,0
301,0.1,0.007,10,0.5,30,0.03,0,0,1,1.2872713,0
302,0.1,0.007,8,0.4,30,0.03,0,0,1,1.2790077,0
303,0.1,0.007,6,0.3,30,0.03,0,0,1,1.2583607,0
304,0.1,0.007,4,0.2,30,0.03,0,0,1,1.2291086,0
305,0.1,0.007,2,0.1,30,0.03,0,0.03030303,1,1.1856283,0
306,1,0.007,18,0.9,30,0.03,0,0,1,0.99877244,0.005649718
307,1,0.007,16,0.8,30,0.03,0,0,1,1.0482236,0.005649718
308,1,0.007,14,0.7,30,0.03,0,0,1,1.0784137,0.005649718
309,1,0.007,12,0.6,30,0.03,0,0,1,1.0865666,0.005649718
310,1,0.007,10,0.5,30,0.03,0,0,1,1.0856216,0.005649718
311,1,0.007,8,0.4,30,0.03,0,0,1,1.0844686,0.005649718
312,1,0.007,6,0.3,30,0.03,0.021276596,0,1,1.0825652,0.005649718
313,1,0.007,4,0.2,30,0.03,0.021276596,0,1,1.0797092,0.005649718
314,1,0.007,2,0.1,30,0.03,0.042553191,0.022222222,1,1.0736192,0.005649718
315,10,0.007,18,0.9,30,0.03,0.02994012,0,1,0.9673886,0.028248588
316,10,0.007,16,0.8,30,0.03,0.047904192,0,1,1.0196065,0.033898305
317,10,0.007,14,0.7,30,0.03,0.023952096,0,1,1.0556062,0.033898305
318,10,0.007,12,0.6,30,0.03,0.065868263,0,1,1.0713414,0.033898305
319,10,0.007,10,0.5,30,0.03,0.065868263,0,1,1.0709888,0.033898305
320,10,0.007,8,0.4,30,0.03,0.071856287,0,1,1.0701578,0.033898305
321,10,0.007,6,0.3,30,0.03,0.071856287,0,1,1.0692946,0.033898305
322,10,0.007,4,0.2,30,0.03,0.077844311,0,1,1.067137,0.033898305
323,10,0.007,2,0.1,30,0.03,0.089820359,0.022222222,1,1.062387,0.033898305
324,0.01,0.007,18,0.9,50,0.05,0,0,0.506484445,0.37004498,0
325,0.01,0.007,16,0.8,50,0.05,0,0,0.555279306,0.43059558,0
326,0.01,0.007,14,0.7,50,0.05,0,0,0.598286184,0.48613328,0
327,0.01,0.007,12,0.6,50,0.05,0,0,0.639179039,0.5389742,0
328,0.01,0.007,10,0.5,50,0.05,0,0,0.678892325,0.5903097,0
329,0.01,0.007,8,0.4,50,0.05,0,0,0.718473108,0.6413172,0
330,0.01,0.007,6,0.3,50,0.05,0,0,0.759274827,0.6936789,0
331,0.01,0.007,4,0.2,50,0.05,0,0,0.803903949,0.7506764,0
332,0.01,0.007,2,0.1,50,0.05,0,-0.071428571,0.860225863,0.8222528,0
333,0.1,0.007,18,0.9,50,0.05,0,0,0.94707221,0.8310841,0
334,0.1,0.007,16,0.8,50,0.05,0,0,0.973667327,0.89274657,0
335,0.1,0.007,14,0.7,50,0.05,0,0,1,0.9513679,0
336,0.1,0.007,12,0.6,50,0.05,0,0,1,1.0086529,0
337,0.1,0.007,10,0.5,50,0.05,0,0,1,1.0638449,0
338,0.1,0.007,8,0.4,50,0.05,0,0,1,1.113415,0
339,0.1,0.007,6,0.3,50,0.05,0,0,1,1.1481138,0
340,0.1,0.007,4,0.2,50,0.05,0,0,1,1.1522671,0
341,0.1,0.007,2,0.1,50,0.05,0,0,1,1.1252855,0
342,1,0.007,18,0.9,50,0.05,0,0,1,0.88203925,0.005780347
343,1,0.007,16,0.8,50,0.05,0,0,1,0.94217986,0.005780347
344,1,0.007,14,0.7,50,0.05,0,0,1,0.9952788,0.005780347
345,1,0.007,12,0.6,50,0.05,0,0,1,1.0366445,0.005780347
346,1,0.007,10,0.5,50,0.05,0,-0.022222222,1,1.0599412,0.005780347
347,1,0.007,8,0.4,50,0.05,0,-0.022222222,1,1.061394,0.005780347
348,1,0.007,6,0.3,50,0.05,0,-0.022222222,1,1.060299,0.005780347
349,1,0.007,4,0.2,50,0.05,0,0,1,1.058407,0.005780347
350,1,0.007,2,0.1,50,0.05,0.021276596,0,1,1.0547516,0.005780347
351,10,0.007,18,0.9,50,0.05,0.053892216,0,1,0.8526452,0.01734104
352,10,0.007,16,0.8,50,0.05,0.05988024,0,1,0.91395783,0.023121387
353,10,0.007,14,0.7,50,0.05,0.095808383,0,1,0.9687978,0.028901734
354,10,0.007,12,0.6,50,0.05,0.107784431,0,1,1.0140786,0.028901734
355,10,0.007,10,0.5,50,0.05,0.113772455,0,1,1.0433053,0.028901734
356,10,0.007,8,0.4,50,0.05,0.119760479,0,1,1.0494328,0.028901734
357,10,0.007,6,0.3,50,0.05,0.125748503,0,1,1.0489337,0.028901734
358,10,0.007,4,0.2,50,0.05,0.125748503,0,1,1.0477548,0.028901734
359,10,0.007,2,0.1,50,0.05,0.137724551,0,1,1.0450512,0.028901734
360,0.01,0.007,18,0.9,100,0.1,0,0,0.23563472,0.20011614,0
361,0.01,0.007,16,0.8,100,0.1,0,0,0.297325554,0.26485643,0
362,0.01,0.007,14,0.7,100,0.1,0,0,0.356959309,0.32695842,0
363,0.01,0.007,12,0.6,100,0.1,0,0,0.4160315,0.38860634,0
364,0.01,0.007,10,0.5,100,0.1,0,0,0.47561983,0.45092368,0
365,0.01,0.007,8,0.4,100,0.1,0,0,0.536903769,0.51511663,0
366,0.01,0.007,6,0.3,100,0.1,0,0,0.601735058,0.5831099,0
367,0.01,0.007,4,0.2,100,0.1,0,0,0.67413822,0.6590239,0
368,0.01,0.007,2,0.1,100,0.1,0,0,0.766934736,0.75608975,0
369,0.1,0.007,18,0.9,100,0.1,0,0,0.364469799,0.33323765,0
370,0.1,0.007,16,0.8,100,0.1,0,0,0.42311751,0.39573905,0
371,0.1,0.007,14,0.7,100,0.1,0,0,0.478757748,0.45415527,0
372,0.1,0.007,12,0.6,100,0.1,0,0,0.533207527,0.5106378,0
373,0.1,0.007,10,0.5,100,0.1,0,0,0.58668869,0.56617963,0
374,0.1,0.007,8,0.4,100,0.1,0,0,0.640167581,0.62173665,0
375,0.1,0.007,6,0.3,100,0.1,0,0,0.695063521,0.6787687,0
376,0.1,0.007,4,0.2,100,0.1,0,0,0.754143808,0.74038965,0
377,0.1,0.007,2,0.1,100,0.1,0,-0.03030303,0.826767646,0.8165677,0
378,1,0.007,18,0.9,100,0.1,0,0,0.897595922,0.5510061,0.006134969
379,1,0.007,16,0.8,100,0.1,0.021276596,0,0.940889008,0.61660373,0.006134969
380,1,0.007,14,0.7,100,0.1,0.021276596,0,1,0.6812737,0.012269939
381,1,0.007,12,0.6,100,0.1,0.021276596,0,1,0.7475781,0.012269939
382,1,0.007,10,0.5,100,0.1,0.021276596,0,1,0.8166334,0.012269939
383,1,0.007,8,0.4,100,0.1,0.021276596,0,1,0.8880795,0.018404908
384,1,0.007,6,0.3,100,0.1,0,0,1,0.95868355,0.018404908
385,1,0.007,4,0.2,100,0.1,0,-0.022222222,1,1.0125885,0.018404908
386,1,0.007,2,0.1,100,0.1,0,-0.022222222,1,1.0182786,0.018404908
387,10,0.007,18,0.9,100,0.1,0.047904192,0,0.736792001,0.5286363,0
388,10,0.007,16,0.8,100,0.1,0.083832335,0,1,0.5941576,0
389,10,0.007,14,0.7,100,0.1,0.149700599,0,1,0.65862167,0
390,10,0.007,12,0.6,100,0.1,0.22754491,0,1,0.72488415,0.006134969
391,10,0.007,10,0.5,100,0.1,0.299401198,0,1,0.7938121,0.018404908
392,10,0.007,8,0.4,100,0.1,0.329341317,0.022222222,1,0.8656348,0.024539877
393,10,0.007,6,0.3,100,0.1,0.335329341,0.022222222,1,0.93912715,0.024539877
394,10,0.007,4,0.2,100,0.1,0.299401198,0,1,0.9999534,0.024539877
395,10,0.007,2,0.1,100,0.1,0.311377246,-0.022222222,1,1.0129334,0.024539877
396,0.01,0.007,18,0.9,150,0.15,0,0,0.18372876,0.16096033,0
397,0.01,0.007,16,0.8,150,0.15,0,0,0.246527535,0.2268456,0
398,0.01,0.007,14,0.7,150,0.15,0,0,0.307957878,0.29056728,0
399,0.01,0.007,12,0.6,150,0.15,0,0,0.369627663,0.354295,0
400,0.01,0.007,10,0.5,150,0.15,0,0,0.432509967,0.41914958,0
401,0.01,0.007,8,0.4,150,0.15,0,0,0.497778624,0.48635384,0
402,0.01,0.007,6,0.3,150,0.15,0,0,0.567390612,0.55789346,0
403,0.01,0.007,4,0.2,150,0.15,0,0,0.64562254,0.63807756,0
404,0.01,0.007,2,0.1,150,0.15,0,0,0.746367348,0.74086094,0
405,0.1,0.007,18,0.9,150,0.15,0,0,0.19878486,0.18957132,0
406,0.1,0.007,16,0.8,150,0.15,0,0,0.259676135,0.25484598,0
407,0.1,0.007,14,0.7,150,0.15,0,0,0.319841133,0.31756303,0
408,0.1,0.007,12,0.6,150,0.15,0,0,0.379552515,0.37990537,0
409,0.1,0.007,10,0.5,150,0.15,0,0,0.44038693,0.44299477,0
410,0.1,0.007,8,0.4,150,0.15,0,0,0.503765129,0.50803894,0
411,0.1,0.007,6,0.3,150,0.15,0,0,0.571070173,0.5769733,0
412,0.1,0.007,4,0.2,150,0.15,0,0,0.64687382,0.6539554,0
413,0.1,0.007,2,0.1,150,0.15,0,0,0.745195185,0.7523632,0
414,1,0.007,18,0.9,150,0.15,0,0,0.257928331,0.27995586,0.006535948
415,1,0.007,16,0.8,150,0.15,0,0,0.319166538,0.34441987,0.006535948
416,1,0.007,14,0.7,150,0.15,0,0,0.380299283,0.40594277,0.006535948
417,1,0.007,12,0.6,150,0.15,0,0,0.443721983,0.46674785,0.006535948
418,1,0.007,10,0.5,150,0.15,0,0,0.510516031,0.5279562,0.013071895
419,1,0.007,8,0.4,150,0.15,0.021276596,0,0.547328531,0.59078383,0.013071895
420,1,0.007,6,0.3,150,0.15,0.021276596,0,0.621405725,0.6571797,0.013071895
421,1,0.007,4,0.2,150,0.15,0.021276596,0,0.706569649,0.73049957,0.013071895
422,1,0.007,2,0.1,150,0.15,0.021276596,-0.022222222,0.817616194,0.822236,0.019607843
423,10,0.007,18,0.9,150,0.15,0.011976048,0,0.633881609,0.27045256,0
424,10,0.007,16,0.8,150,0.15,0.065868263,0,0.737394413,0.3349727,0
425,10,0.007,14,0.7,150,0.15,0.107784431,0,0.674299456,0.39656365,0
426,10,0.007,12,0.6,150,0.15,0.185628743,0,1,0.4574297,0
427,10,0.007,10,0.5,150,0.15,0.293413174,0,1,0.51868933,0
428,10,0.007,8,0.4,150,0.15,0.443113772,0,1,0.58158445,0
429,10,0.007,6,0.3,150,0.15,0.574850299,0,1,0.6482851,0
430,10,0.007,4,0.2,150,0.15,0.646706587,0,1,0.7215289,0.013071895
431,10,0.007,2,0.1,150,0.15,0.640718563,-0.022222222,1,0.81408405,0.026143791
432,0.01,0.007,18,0.9,200,0.2,0,0,0.172173405,0.1482885,0
433,0.01,0.007,16,0.8,200,0.2,0,0,0.23507396,0.21473135,0
434,0.01,0.007,14,0.7,200,0.2,0,0,0.296877618,0.2791105,0
435,0.01,0.007,12,0.6,200,0.2,0,0,0.359110697,0.34359542,0
436,0.01,0.007,10,0.5,200,0.2,0,0,0.422721442,0.4093093,0
437,0.01,0.007,8,0.4,200,0.2,0,0,0.488878357,0.4774825,0
438,0.01,0.007,6,0.3,200,0.2,0,0,0.559544309,0.55012095,0
439,0.01,0.007,4,0.2,200,0.2,0,0,0.63908013,0.6315889,0
440,0.01,0.007,2,0.1,200,0.2,0,0,0.741600167,0.7360446,0
441,0.1,0.007,18,0.9,200,0.2,0,0,0.158750937,0.1543359,0
442,0.1,0.007,16,0.8,200,0.2,0,0,0.220596438,0.2206477,0
443,0.1,0.007,14,0.7,200,0.2,0,0,0.281557445,0.28481096,0
444,0.1,0.007,12,0.6,200,0.2,0,0,0.342600902,0.34899816,0
445,0.1,0.007,10,0.5,200,0.2,0,0,0.405883931,0.41433328,0
446,0.1,0.007,8,0.4,200,0.2,0,0,0.471302104,0.48204413,0
447,0.1,0.007,6,0.3,200,0.2,0,0,0.541928879,0.554127,0
448,0.1,0.007,4,0.2,200,0.2,0,0,0.621639858,0.6349151,0
449,0.1,0.007,2,0.1,200,0.2,0,0,0.725739759,0.73844784,0
450,1,0.007,18,0.9,200,0.2,0,0,0.092467476,0.17522393,0
451,1,0.007,16,0.8,200,0.2,0,0,0.146023499,0.2411192,0.006993007
452,1,0.007,14,0.7,200,0.2,0,0,0.199792668,0.30460456,0.006993007
453,1,0.007,12,0.6,200,0.2,0,0,0.254228755,0.36786187,0.006993007
454,1,0.007,10,0.5,200,0.2,0,0,0.311141052,0.4320108,0.006993007
455,1,0.007,8,0.4,200,0.2,0,0,0.371887867,0.49825913,0.006993007
456,1,0.007,6,0.3,200,0.2,0,-0.022222222,0.440510527,0.56855685,0.013986014
457,1,0.007,4,0.2,200,0.2,0,-0.022222222,0.521996266,0.6471118,0.013986014
458,1,0.007,2,0.1,200,0.2,0,-0.022222222,0.637349197,0.74750894,0.013986014
459,10,0.007,18,0.9,200,0.2,0.011976048,0,0.437716885,0.17294107,0
460,10,0.007,16,0.8,200,0.2,0.023952096,0,0.601107482,0.23888478,0
461,10,0.007,14,0.7,200,0.2,0.089820359,0,0.725820622,0.30244565,0
462,10,0.007,12,0.6,200,0.2,0.143712575,0,0.667001707,0.36580616,0
463,10,0.007,10,0.5,200,0.2,0.233532934,0,1,0.43008435,0
464,10,0.007,8,0.4,200,0.2,0.377245509,0,1,0.49649462,0
465,10,0.007,6,0.3,200,0.2,0.508982036,0,1,0.56699413,0
466,10,0.007,4,0.2,200,0.2,0.610778443,-0.022222222,1,0.64581454,0
467,10,0.007,2,0.1,200,0.2,0.658682635,-0.022222222,1,0.7465727,0
468,0.01,0.007,18,0.9,300,0.3,0,0,0.168100757,0.13498557,0
469,0.01,0.007,16,0.8,300,0.3,0,0,0.230599334,0.2022769,0
470,0.01,0.007,14,0.7,300,0.3,0,0,0.292404569,0.26753375,0
471,0.01,0.007,12,0.6,300,0.3,0,0,0.354774553,0.33293223,0
472,0.01,0.007,10,0.5,300,0.3,0,0,0.41861262,0.39960185,0
473,0.01,0.007,8,0.4,300,0.3,0,0,0.485062884,0.4687842,0
474,0.01,0.007,6,0.3,300,0.3,0,0,0.556103302,0.54250693,0
475,0.01,0.007,4,0.2,300,0.3,0,0,0.636114963,0.6251842,0
476,0.01,0.007,2,0.1,300,0.3,0,0,0.739332012,0.73114604,0
477,0.1,0.007,18,0.9,300,0.3,0,0,0.144470371,0.13526353,0
478,0.1,0.007,16,0.8,300,0.3,0,0,0.206662098,0.2025488,0
479,0.1,0.007,14,0.7,300,0.3,0,0,0.267419127,0.26779577,0
480,0.1,0.007,12,0.6,300,0.3,0,0,0.329401717,0.33318058,0
481,0.1,0.007,10,0.5,300,0.3,0,0,0.393122414,0.39983273,0
482,0.1,0.007,8,0.4,300,0.3,0,0,0.45956967,0.46899384,0
483,0.1,0.007,6,0.3,300,0.3,0,0,0.531188223,0.54269093,0
484,0.1,0.007,4,0.2,300,0.3,0,0,0.612368369,0.625337,0
485,0.1,0.007,2,0.1,300,0.3,0,0,0.718358912,0.7312564,0
486,1,0.007,18,0.9,300,0.3,0,0,0.015714409,0.1362332,0
487,1,0.007,16,0.8,300,0.3,0,0,0.051949612,0.20349768,0
488,1,0.007,14,0.7,300,0.3,0,0,0.090776989,0.26871014,0
489,1,0.007,12,0.6,300,0.3,0,0,0.131959891,0.33404735,0.008130081
490,1,0.007,10,0.5,300,0.3,0,0,0.176388948,0.40063894,0.008130081
491,1,0.007,8,0.4,300,0.3,0,0,0.22565126,0.46972615,0.008130081
492,1,0.007,6,0.3,300,0.3,0,0,0.283560522,0.54333436,0.008130081
493,1,0.007,4,0.2,300,0.3,0,0,0.357314404,0.6258714,0.008130081
494,1,0.007,2,0.1,300,0.3,0,0,0.474262761,0.73164314,0.016260163
495,10,0.007,18,0.9,300,0.3,0.035928144,0,0.366439932,0.13612777,0
496,10,0.007,16,0.8,300,0.3,0.047904192,0,0.335557348,0.20339453,0
497,10,0.007,14,0.7,300,0.3,0.065868263,0,0.458247641,0.26861075,0
498,10,0.007,12,0.6,300,0.3,0.095808383,0,0.523410497,0.33395314,0
499,10,0.007,10,0.5,300,0.3,0.149700599,0,0.681855442,0.4005514,0
500,10,0.007,8,0.4,300,0.3,0.25748503,0,1,0.46964666,0
501,10,0.007,6,0.3,300,0.3,0.377245509,0,1,0.5432647,0
502,10,0.007,4,0.2,300,0.3,0.48502994,0,1,0.62581366,0
503,10,0.007,2,0.1,300,0.3,0.538922156,0,1,0.7316013,0
504,0.01,0.01,18,0.9,0,0,0,0,0.969600178,1.1502371,0.005347594
505,0.01,0.01,16,0.8,0,0,0,0,0.954714336,1.1648794,0.005347594
506,0.01,0.01,14,0.7,0,0,0,0,0.949992219,1.1677787,0.005347594
507,0.01,0.01,12,0.6,0,0,0,0,0.951429206,1.1661552,0.005347594
508,0.01,0.01,10,0.5,0,0,0,0,0.962096006,1.1615126,0.005347594
509,0.01,0.01,8,0.4,0,0,0,0,0.972894752,1.1536306,0.005347594
510,0.01,0.01,6,0.3,0,0,0,0,1,1.141419,0.005347594
511,0.01,0.01,4,0.2,0,0,0,0,1,1.1226656,0.005347594
512,0.01,0.01,2,0.1,0,0,0,-0.076923077,1,1.0914873,0.005347594
513,0.1,0.01,18,0.9,0,0,0,0,1,1.2689364,0.005347594
514,0.1,0.01,16,0.8,0,0,0,0,1,1.2741139,0.005347594
515,0.1,0.01,14,0.7,0,0,0,0,1,1.2663177,0.005347594
516,0.1,0.01,12,0.6,0,0,0,0,1,1.2532028,0.005347594
517,0.1,0.01,10,0.5,0,0,0,0.037037037,1,1.2382767,0.005347594
518,0.1,0.01,8,0.4,0,0,0,0.037037037,1,1.222295,0.005347594
519,0.1,0.01,6,0.3,0,0,0,0.037037037,1,1.204557,0.005347594
520,0.1,0.01,4,0.2,0,0,0.037037037,0.037037037,1,1.1830468,0.005347594
521,0.1,0.01,2,0.1,0,0,0.074074074,0.074074074,1,1.1509614,0.005347594
522,1,0.01,18,0.9,0,0,0,-0.032258065,1,1.1240902,0.069518717
523,1,0.01,16,0.8,0,0,0,-0.032258065,1,1.1328897,0.069518717
524,1,0.01,14,0.7,0,0,0,-0.032258065,1,1.132158,0.069518717
525,1,0.01,12,0.6,0,0,0,-0.032258065,1,1.1289876,0.064171123
526,1,0.01,10,0.5,0,0,0,-0.032258065,1,1.1244336,0.064171123
527,1,0.01,8,0.4,0,0,0,0,1,1.1186553,0.064171123
528,1,0.01,6,0.3,0,0,0.03030303,0,1,1.1115865,0.064171123
529,1,0.01,4,0.2,0,0,0.03030303,0,1,1.1025553,0.058823529
530,1,0.01,2,0.1,0,0,0.060606061,0.032258065,1,1.0884148,0.058823529
531,10,0.01,18,0.9,0,0,0,0,1,1.1007161,0.037433155
532,10,0.01,16,0.8,0,0,0.006756757,0,1,1.1148704,0.037433155
533,10,0.01,14,0.7,0,0,0.006756757,-0.032258065,1,1.1150454,0.037433155
534,10,0.01,12,0.6,0,0,0.02027027,0,1,1.1133182,0.037433155
535,10,0.01,10,0.5,0,0,0.02027027,0,1,1.11028,0.037433155
536,10,0.01,8,0.4,0,0,0.02027027,0,1,1.1059371,0.037433155
537,10,0.01,6,0.3,0,0,0.027027027,0,1,1.1002325,0.037433155
538,10,0.01,4,0.2,0,0,0.027027027,0,1,1.0929184,0.037433155
539,10,0.01,2,0.1,0,0,0.040540541,0.032258065,1,1.0809088,0.037433155
540,0.01,0.01,18,0.9,30,0.03,0,0,0.657790843,0.54045814,0
541,0.01,0.01,16,0.8,30,0.03,0,0,0.699414971,0.5949879,0
542,0.01,0.01,14,0.7,30,0.03,0,0,0.73527255,0.6426202,0
543,0.01,0.01,12,0.6,30,0.03,0,0,0.767774296,0.6857761,0
544,0.01,0.01,10,0.5,30,0.03,0,0,0.797912949,0.7257055,0
545,0.01,0.01,8,0.4,30,0.03,0,0,0.826426387,0.7635195,0
546,0.01,0.01,6,0.3,30,0.03,0,0,0.85421798,0.8005891,0
547,0.01,0.01,4,0.2,30,0.03,0,-0.076923077,0.882944707,0.8392816,0
548,0.01,0.01,2,0.1,30,0.03,0,-0.076923077,0.91741857,0.8862277,0
549,0.1,0.01,18,0.9,30,0.03,0,0,1,0.8791922,0
550,0.1,0.01,16,0.8,30,0.03,0,0,1,0.9369927,0
551,0.1,0.01,14,0.7,30,0.03,0,0,1,0.9906285,0
552,0.1,0.01,12,0.6,30,0.03,0,0,1,1.0398442,0
553,0.1,0.01,10,0.5,30,0.03,0,0,1,1.0814626,0
554,0.1,0.01,8,0.4,30,0.03,0,0,1,1.1089299,0
555,0.1,0.01,6,0.3,30,0.03,0,0,1,1.1145943,0
556,0.1,0.01,4,0.2,30,0.03,0,0,1,1.1046069,0
557,0.1,0.01,2,0.1,30,0.03,0,0.037037037,1,1.085767,0
558,1,0.01,18,0.9,30,0.03,0,-0.032258065,1,0.8714727,0.038674033
559,1,0.01,16,0.8,30,0.03,0,-0.032258065,1,0.9279627,0.038674033
560,1,0.01,14,0.7,30,0.03,0,-0.032258065,1,0.9778439,0.044198895
561,1,0.01,12,0.6,30,0.03,0,-0.032258065,1,1.0181369,0.044198895
562,1,0.01,10,0.5,30,0.03,0,-0.032258065,1,1.0435084,0.049723757
563,1,0.01,8,0.4,30,0.03,0,-0.032258065,1,1.0493923,0.049723757
564,1,0.01,6,0.3,30,0.03,0,-0.032258065,1,1.0482832,0.049723757
565,1,0.01,4,0.2,30,0.03,0,-0.032258065,1,1.0463595,0.044198895
566,1,0.01,2,0.1,30,0.03,0,0,1,1.0422199,0.044198895
567,10,0.01,18,0.9,30,0.03,0.027027027,0,1,0.8511036,0.016574586
568,10,0.01,16,0.8,30,0.03,0.060810811,0,1,0.90841764,0.022099448
569,10,0.01,14,0.7,30,0.03,0.094594595,0,1,0.9600812,0.022099448
570,10,0.01,12,0.6,30,0.03,0.121621622,0,1,1.0033151,0.027624309
571,10,0.01,10,0.5,30,0.03,0.135135135,-0.032258065,1,1.0325075,0.027624309
572,10,0.01,8,0.4,30,0.03,0.141891892,-0.032258065,1,1.0427941,0.027624309
573,10,0.01,6,0.3,30,0.03,0.148648649,-0.032258065,1,1.0421935,0.027624309
574,10,0.01,4,0.2,30,0.03,0.148648649,-0.032258065,1,1.040726,0.027624309
575,10,0.01,2,0.1,30,0.03,0.155405405,0,1,1.0374815,0.027624309
576,0.01,0.01,18,0.9,50,0.05,0,0,0.434896961,0.37554753,0
577,0.01,0.01,16,0.8,50,0.05,0,0,0.490108354,0.4343167,0
578,0.01,0.01,14,0.7,50,0.05,0,0,0.540592523,0.48856747,0
579,0.01,0.01,12,0.6,50,0.05,0,0,0.588297259,0.5404883,0
580,0.01,0.01,10,0.5,50,0.05,0,0,0.63437369,0.5911933,0
581,0.01,0.01,8,0.4,50,0.05,0,0,0.679963987,0.6417953,0
582,0.01,0.01,6,0.3,50,0.05,0,0,0.726775117,0.6939166,0
583,0.01,0.01,4,0.2,50,0.05,0,-0.076923077,0.777640116,0.7507837,0
584,0.01,0.01,2,0.1,50,0.05,0,-0.076923077,0.841535645,0.8222777,0
585,0.1,0.01,18,0.9,50,0.05,0,0,0.823064824,0.6320463,0
586,0.1,0.01,16,0.8,50,0.05,0,0,0.887307369,0.69128364,0
587,0.1,0.01,14,0.7,50,0.05,0,0.037037037,0.920881873,0.74726695,0
588,0.1,0.01,12,0.6,50,0.05,0,0.037037037,0.959278912,0.8022605,0
589,0.1,0.01,10,0.5,50,0.05,0,0.037037037,1,0.85709596,0
590,0.1,0.01,8,0.4,50,0.05,0,0.037037037,1,0.91174287,0
591,0.1,0.01,6,0.3,50,0.05,0,0.037037037,1,0.96473277,0
592,0.1,0.01,4,0.2,50,0.05,0.037037037,0.037037037,1,1.0116429,0
593,0.1,0.01,2,0.1,50,0.05,0,0.037037037,1,1.0369694,0
594,1,0.01,18,0.9,50,0.05,0,0,1,0.69269156,0.02259887
595,1,0.01,16,0.8,50,0.05,0,0,1,0.7540121,0.028248588
596,1,0.01,14,0.7,50,0.05,0,0,1,0.81365454,0.028248588
597,1,0.01,12,0.6,50,0.05,0,0,1,0.8725632,0.033898305
598,1,0.01,10,0.5,50,0.05,0,0,1,0.92936987,0.039548023
599,1,0.01,8,0.4,50,0.05,0,-0.032258065,1,0.9802941,0.039548023
600,1,0.01,6,0.3,50,0.05,0,-0.032258065,1,1.0164471,0.04519774
601,1,0.01,4,0.2,50,0.05,0,-0.032258065,1,1.0240369,0.04519774
602,1,0.01,2,0.1,50,0.05,0,-0.032258065,1,1.0223408,0.04519774
603,10,0.01,18,0.9,50,0.05,0.033783784,0,1,0.67490107,0
604,10,0.01,16,0.8,50,0.05,0.081081081,0,1,0.7363248,0.005649718
605,10,0.01,14,0.7,50,0.05,0.141891892,0,1,0.7961646,0.011299435
606,10,0.01,12,0.6,50,0.05,0.189189189,0,1,0.8555387,0.016949153
607,10,0.01,10,0.5,50,0.05,0.236486486,0,1,0.9136904,0.02259887
608,10,0.01,8,0.4,50,0.05,0.263513514,0,1,0.96725696,0.028248588
609,10,0.01,6,0.3,50,0.05,0.263513514,-0.032258065,1,1.0074624,0.028248588
610,10,0.01,4,0.2,50,0.05,0.263513514,-0.032258065,1,1.0196263,0.028248588
611,10,0.01,2,0.1,50,0.05,0.263513514,-0.032258065,1,1.0184448,0.028248588
612,0.01,0.01,18,0.9,100,0.1,0,0,0.251233561,0.22433117,0
613,0.01,0.01,16,0.8,100,0.1,0,0,0.310702649,0.2868743,0
614,0.01,0.01,14,0.7,100,0.1,0,0,0.368297609,0.3469343,0
615,0.01,0.01,12,0.6,100,0.1,0,0,0.425713321,0.40660715,0
616,0.01,0.01,10,0.5,100,0.1,0,0,0.483843682,0.46697262,0
617,0.01,0.01,8,0.4,100,0.1,0,0,0.543769061,0.5291929,0
618,0.01,0.01,6,0.3,100,0.1,0,0,0.607390127,0.5951273,0
619,0.01,0.01,4,0.2,100,0.1,0,0,0.678542508,0.66876245,0
620,0.01,0.01,2,0.1,100,0.1,0,0,0.76995749,0.7629131,0
621,0.1,0.01,18,0.9,100,0.1,0,0,0.307780806,0.29342178,0
622,0.1,0.01,16,0.8,100,0.1,0,0,0.364343026,0.35472283,0
623,0.1,0.01,14,0.7,100,0.1,0,0,0.419728139,0.4127542,0
624,0.1,0.01,12,0.6,100,0.1,0,0,0.474738393,0.46961567,0
625,0.1,0.01,10,0.5,100,0.1,0,0,0.529228571,0.52634114,0
626,0.1,0.01,8,0.4,100,0.1,0,0,0.585349836,0.58398753,0
627,0.1,0.01,6,0.3,100,0.1,0,0,0.644370798,0.64420104,0
628,0.1,0.01,4,0.2,100,0.1,0,0,0.709463226,0.7104765,0
629,0.1,0.01,2,0.1,100,0.1,0,-0.037037037,0.792349252,0.7939828,0
630,1,0.01,18,0.9,100,0.1,0,0,0.280965699,0.34281337,0.005988024
631,1,0.01,16,0.8,100,0.1,0,0,0.348504316,0.4040573,0.011976048
632,1,0.01,14,0.7,100,0.1,0,0,0.382645454,0.462174,0.011976048
633,1,0.01,12,0.6,100,0.1,0,0,0.452557402,0.51930726,0.017964072
634,1,0.01,10,0.5,100,0.1,0,0,0.492513631,0.57651585,0.017964072
635,1,0.01,8,0.4,100,0.1,0.03030303,0,0.533337735,0.63485116,0.017964072
636,1,0.01,6,0.3,100,0.1,0.03030303,0,0.611261212,0.69589955,0.023952096
637,1,0.01,4,0.2,100,0.1,0.03030303,-0.032258065,0.700019649,0.7629404,0.02994012
638,1,0.01,2,0.1,100,0.1,0.03030303,-0.032258065,0.816137509,0.84591645,0.02994012
639,10,0.01,18,0.9,100,0.1,0.02027027,0,0.765766534,0.33549178,0
640,10,0.01,16,0.8,100,0.1,0.054054054,0,0.696465057,0.39678827,0
641,10,0.01,14,0.7,100,0.1,0.108108108,0,1,0.45497546,0
642,10,0.01,12,0.6,100,0.1,0.195945946,0,1,0.51220226,0
643,10,0.01,10,0.5,100,0.1,0.337837838,0,1,0.5695113,0
644,10,0.01,8,0.4,100,0.1,0.493243243,0,1,0.6279634,0
645,10,0.01,6,0.3,100,0.1,0.614864865,0,1,0.6891778,0.005988024
646,10,0.01,4,0.2,100,0.1,0.682432432,0,1,0.7565797,0.011976048
647,10,0.01,2,0.1,100,0.1,0.695945946,-0.032258065,1,0.84030634,0.023952096
648,0.01,0.01,18,0.9,150,0.15,0,0,0.212623908,0.18694818,0
649,0.01,0.01,16,0.8,150,0.15,0,0,0.27263853,0.2506964,0
650,0.01,0.01,14,0.7,150,0.15,0,0,0.331575625,0.31238067,0
651,0.01,0.01,12,0.6,150,0.15,0,0,0.390868625,0.37408638,0
652,0.01,0.01,10,0.5,150,0.15,0,0,0.451390479,0.43689287,0
653,0.01,0.01,8,0.4,150,0.15,0,0,0.51427114,0.50198007,0
654,0.01,0.01,6,0.3,150,0.15,0,0,0.581402204,0.5712663,0
655,0.01,0.01,4,0.2,150,0.15,0,0,0.656927399,0.6489147,0
656,0.01,0.01,2,0.1,150,0.15,0,0,0.754287641,0.7484128,0
657,0.1,0.01,18,0.9,150,0.15,0,0,0.204580169,0.20186928,0
658,0.1,0.01,16,0.8,150,0.15,0,0,0.262854506,0.26530078,0
659,0.1,0.01,14,0.7,150,0.15,0,0,0.319389541,0.32646367,0
660,0.1,0.01,12,0.6,150,0.15,0,0,0.37732235,0.38745052,0
661,0.1,0.01,10,0.5,150,0.15,0,0,0.435937295,0.44934118,0
662,0.1,0.01,8,0.4,150,0.15,0,0,0.497656255,0.513308,0
663,0.1,0.01,6,0.3,150,0.15,0,0,0.563500885,0.58124226,0
664,0.1,0.01,4,0.2,150,0.15,0,0,0.638342557,0.6572275,0
665,0.1,0.01,2,0.1,150,0.15,0,0,0.736312481,0.7544489,0
666,1,0.01,18,0.9,150,0.15,0,0,0.04637068,0.21406661,0
667,1,0.01,16,0.8,150,0.15,0,-0.032258065,0.087442129,0.2772706,0.006369427
668,1,0.01,14,0.7,150,0.15,0,-0.032258065,0.134251235,0.33806834,0.006369427
669,1,0.01,12,0.6,150,0.15,0,-0.032258065,0.185475929,0.3985589,0.006369427
670,1,0.01,10,0.5,150,0.15,0,-0.032258065,0.241275781,0.45981917,0.012738854
671,1,0.01,8,0.4,150,0.15,0,-0.032258065,0.303573939,0.5230065,0.012738854
672,1,0.01,6,0.3,150,0.15,0,-0.032258065,0.375311262,0.58998495,0.012738854
673,1,0.01,4,0.2,150,0.15,0,-0.032258065,0.46360417,0.6647564,0.01910828
674,1,0.01,2,0.1,150,0.15,0,-0.064516129,0.591609739,0.7601658,0.025477707
675,10,0.01,18,0.9,150,0.15,0.013513514,0,0.511196273,0.21232243,0
676,10,0.01,16,0.8,150,0.15,0.040540541,0,0.556459868,0.27556163,0
677,10,0.01,14,0.7,150,0.15,0.081081081,0,0.70008286,0.33641782,0
678,10,0.01,12,0.6,150,0.15,0.141891892,0,1,0.3969893,0
679,10,0.01,10,0.5,150,0.15,0.256756757,0,1,0.45835367,0
680,10,0.01,8,0.4,150,0.15,0.418918919,-0.032258065,1,0.521666,0
681,10,0.01,6,0.3,150,0.15,0.554054054,-0.032258065,1,0.58879673,0
682,10,0.01,4,0.2,150,0.15,0.648648649,-0.032258065,1,0.66375226,0
683,10,0.01,2,0.1,150,0.15,0.709459459,-0.064516129,1,0.7594277,0
684,0.01,0.01,18,0.9,200,0.2,0,0,0.203521654,0.17286599,0
685,0.01,0.01,16,0.8,200,0.2,0,0,0.263477758,0.23730485,0
686,0.01,0.01,14,0.7,200,0.2,0,0,0.322700567,0.29977018,0
687,0.01,0.01,12,0.6,200,0.2,0,0,0.382386605,0.36234897,0
688,0.01,0.01,10,0.5,200,0.2,0,0,0.443454385,0.42612422,0
689,0.01,0.01,8,0.4,200,0.2,0,0,0.507029408,0.49228546,0
690,0.01,0.01,6,0.3,200,0.2,0,0,0.574989781,0.5627731,0
691,0.01,0.01,4,0.2,200,0.2,0,0,0.651541735,0.6418097,0
692,0.01,0.01,2,0.1,200,0.2,0,0,0.750317289,0.74309707,0
693,0.1,0.01,18,0.9,200,0.2,0,0,0.178063552,0.17608175,0
694,0.1,0.01,16,0.8,200,0.2,0,0,0.236022033,0.2404515,0
695,0.1,0.01,14,0.7,200,0.2,0,0,0.293252648,0.3028027,0
696,0.1,0.01,12,0.6,200,0.2,0,0,0.351326451,0.36522403,0
697,0.1,0.01,10,0.5,200,0.2,0,0,0.411442464,0.42879868,0
698,0.1,0.01,8,0.4,200,0.2,0,0,0.474022321,0.49471477,0
699,0.1,0.01,6,0.3,200,0.2,0,0,0.541566824,0.5649078,0
700,0.1,0.01,4,0.2,200,0.2,0,0,0.618579939,0.6435836,0
701,0.1,0.01,2,0.1,200,0.2,0,0,0.72005664,0.74438083,0
702,1,0.01,18,0.9,200,0.2,0,0,0.034052292,0.17873545,0
703,1,0.01,16,0.8,200,0.2,0,-0.032258065,0.033954539,0.24304938,0
704,1,0.01,14,0.7,200,0.2,0,-0.032258065,0.044727179,0.30530882,0
705,1,0.01,12,0.6,200,0.2,0,-0.032258065,0.081953766,0.36760378,0
706,1,0.01,10,0.5,200,0.2,0,-0.032258065,0.128741596,0.4310176,0.006802721
707,1,0.01,8,0.4,200,0.2,0,-0.032258065,0.1838393,0.49673697,0.006802721
708,1,0.01,6,0.3,200,0.2,0,-0.032258065,0.2505152,0.56669235,0.013605442
709,1,0.01,4,0.2,200,0.2,0,-0.032258065,0.336682635,0.64507484,0.013605442
710,1,0.01,2,0.1,200,0.2,0,-0.032258065,0.46986458,0.7454688,0.020408163
711,10,0.01,18,0.9,200,0.2,0.006756757,0,0.469699949,0.17835896,0
712,10,0.01,16,0.8,200,0.2,0.027027027,0,0.474723103,0.24268104,0
713,10,0.01,14,0.7,200,0.2,0.060810811,0,0.534526681,0.30495384,0
714,10,0.01,12,0.6,200,0.2,0.108108108,0,0.691146782,0.36726725,0
715,10,0.01,10,0.5,200,0.2,0.202702703,0,1,0.43070462,0
716,10,0.01,8,0.4,200,0.2,0.351351351,0,1,0.49645278,0
717,10,0.01,6,0.3,200,0.2,0.47972973,0,1,0.5664427,0
718,10,0.01,4,0.2,200,0.2,0.587837838,0,1,0.64486754,0
719,10,0.01,2,0.1,200,0.2,0.641891892,-0.032258065,1,0.7453188,0
720,0.01,0.01,18,0.9,300,0.3,0,0,0.199753341,0.15543543,0
721,0.01,0.01,16,0.8,300,0.3,0,0,0.259168747,0.2210186,0
722,0.01,0.01,14,0.7,300,0.3,0,0,0.318249657,0.28465742,0
723,0.01,0.01,12,0.6,300,0.3,0,0,0.378030362,0.34844792,0
724,0.01,0.01,10,0.5,300,0.3,0,0,0.439271688,0.41348192,0
725,0.01,0.01,8,0.4,300,0.3,0,0,0.503096068,0.480964,0
726,0.01,0.01,6,0.3,300,0.3,0,0,0.571390649,0.55286336,0
727,0.01,0.01,4,0.2,300,0.3,0,0,0.648385985,0.63346666,0
728,0.01,0.01,2,0.1,300,0.3,0,0,0.747857416,0.73669404,0
729,0.1,0.01,18,0.9,300,0.3,0,0,0.166466781,0.15559113,0
730,0.1,0.01,16,0.8,300,0.3,0,0,0.223693644,0.22117096,0
731,0.1,0.01,14,0.7,300,0.3,0,0,0.281545188,0.28480428,0
732,0.1,0.01,12,0.6,300,0.3,0,0,0.339716274,0.3485871,0
733,0.1,0.01,10,0.5,300,0.3,0,0,0.399910961,0.41361138,0
734,0.1,0.01,8,0.4,300,0.3,0,0,0.463219985,0.48108166,0
735,0.1,0.01,6,0.3,300,0.3,0,0,0.531522644,0.5529668,0
736,0.1,0.01,4,0.2,300,0.3,0,0,0.609347633,0.6335525,0
737,0.1,0.01,2,0.1,300,0.3,0,0,0.712162907,0.73675615,0
738,1,0.01,18,0.9,300,0.3,0,0,0.035750446,0.15572023,0
739,1,0.01,16,0.8,300,0.3,0,0,0.035655615,0.22129728,0
740,1,0.01,14,0.7,300,0.3,0,-0.032258065,0.037773816,0.28492606,0
741,1,0.01,12,0.6,300,0.3,0,-0.032258065,0.038791557,0.34870258,0
742,1,0.01,10,0.5,300,0.3,0,-0.032258065,0.040020324,0.4137188,0
743,1,0.01,8,0.4,300,0.3,0,-0.032258065,0.039636959,0.48117915,0
744,1,0.01,6,0.3,300,0.3,0,-0.032258065,0.06954883,0.5530524,0
745,1,0.01,4,0.2,300,0.3,0,-0.032258065,0.145130505,0.6336237,0.007874016
746,1,0.01,2,0.1,300,0.3,0,-0.032258065,0.276831986,0.7368076,0.015748031
747,10,0.01,18,0.9,300,0.3,0.006756757,0,0.316627581,0.15570219,0
748,10,0.01,16,0.8,300,0.3,0.02027027,0,0.372272116,0.22127968,0
749,10,0.01,14,0.7,300,0.3,0.040540541,0,0.362001496,0.28490904,0
750,10,0.01,12,0.6,300,0.3,0.067567568,0,0.557732138,0.3486865,0
751,10,0.01,10,0.5,300,0.3,0.121621622,0,0.701917327,0.4137038,0
752,10,0.01,8,0.4,300,0.3,0.22972973,0,0.648377639,0.48116553,0
753,10,0.01,6,0.3,300,0.3,0.331081081,0,1,0.55304056,0
754,10,0.01,4,0.2,300,0.3,0.452702703,0,1,0.6336138,0
755,10,0.01,2,0.1,300,0.3,0.506756757,0,1,0.7368006,0
