Model ID,Hydraulic Conductivity (K),Surface Slope (S),Barrier Depth,D*,Barrier Location,L*,R_intrusionUZF,R_intrusionCHD,R_flowUZF,R_flowCHD,R_emergence
0,0.01,0.005,2,0.1,0,0,0.071428571,0.066666667,1,0.912153,0.028248588
1,0.01,0.005,4,0.2,0,0,0.071428571,0,1,0.9599521,0.028248588
2,0.01,0.005,6,0.3,0,0,0.071428571,0,0.981439324,1.0587268,0.028248588
3,0.01,0.005,8,0.4,0,0,0.071428571,0,0.934579676,1.1421763,0.028248588
4,0.01,0.005,10,0.5,0,0,0.071428571,0,0.884039918,1.2032855,0.028248588
5,0.01,0.005,12,0.6,0,0,0.071428571,0,0.859556035,1.2475481,0.028248588
6,0.01,0.005,14,0.7,0,0,0.071428571,0,0.838809418,1.2796352,0.028248588
7,0.01,0.005,16,0.8,0,0,0.071428571,0,0.826128,1.3023624,0.028248588
8,0.01,0.005,18,0.9,0,0,0.071428571,0,0.817670554,1.3172098,0.028248588
9,0.1,0.005,2,0.1,0,0,0.421052632,0.421052632,1,0.9942652,0.028248588
10,0.1,0.005,4,0.2,0,0,0.421052632,0.421052632,1,1.103152,0.028248588
11,0.1,0.005,6,0.3,0,0,0.421052632,0.421052632,1,1.3137274,0.028248588
12,0.1,0.005,8,0.4,0,0,0.368421053,0.342105263,1,1.4950663,0.028248588
13,0.1,0.005,10,0.5,0,0,0.236842105,0.236842105,1,1.6355717,0.028248588
14,0.1,0.005,12,0.6,0,0,0.157894737,0.157894737,1,1.7316914,0.028248588
15,0.1,0.005,14,0.7,0,0,0.105263158,0.105263158,1,1.7926581,0.028248588
16,0.1,0.005,16,0.8,0,0,0.078947368,0.052631579,1,1.8320177,0.028248588
17,0.1,0.005,18,0.9,0,0,0.052631579,0.026315789,1,1.8574798,0.028248588
18,1,0.005,2,0.1,0,0,0.65625,0.650793651,1,1.0051211,0.033898305
19,1,0.005,4,0.2,0,0,0.125,0.19047619,1,1.1163155,0.028248588
20,1,0.005,6,0.3,0,0,0.078125,0.095238095,1,1.1350607,0.028248588
21,1,0.005,8,0.4,0,0,0.046875,0.063492063,1,1.148736,0.028248588
22,1,0.005,10,0.5,0,0,0.03125,0.047619048,1,1.1663522,0.028248588
23,1,0.005,12,0.6,0,0,0.03125,0.031746032,1,1.18099,0.028248588
24,1,0.005,14,0.7,0,0,0.015625,0.031746032,1,1.1919882,0.028248588
25,1,0.005,16,0.8,0,0,0.015625,0.015873016,1,1.200118,0.028248588
26,1,0.005,18,0.9,0,0,0.015625,0.015873016,1,1.2057562,0.028248588
27,10,0.005,2,0.1,0,0,0.365079365,0.650793651,1,0.99259037,0.06779661
28,10,0.005,4,0.2,0,0,0.095238095,0.126984127,1,1.0576447,0.06779661
29,10,0.005,6,0.3,0,0,0.026455026,0.063492063,1,1.0760156,0.06779661
30,10,0.005,8,0.4,0,0,0.026455026,0.047619048,1,1.0891107,0.06779661
31,10,0.005,10,0.5,0,0,0.010582011,0.031746032,1,1.0984516,0.06779661
32,10,0.005,12,0.6,0,0,0.010582011,0.031746032,1,1.1062735,0.073446328
33,10,0.005,14,0.7,0,0,0.021164021,0.015873016,1,1.1120057,0.073446328
34,10,0.005,16,0.8,0,0,0.005291005,0.015873016,1,1.1162426,0.073446328
35,10,0.005,18,0.9,0,0,0.005291005,0.015873016,1,1.119418,0.073446328
36,0.01,0.005,2,0.1,30,0.03,0.071428571,0,1,0.87790567,0
37,0.01,0.005,4,0.2,30,0.03,0.071428571,0,0.921072382,0.7515059,0
38,0.01,0.005,6,0.3,30,0.03,0.071428571,0,0.871408076,0.66681147,0
39,0.01,0.005,8,0.4,30,0.03,0.071428571,0,0.837664482,0.6076824,0
40,0.01,0.005,10,0.5,30,0.03,0.071428571,0,0.814104875,0.56480545,0
41,0.01,0.005,12,0.6,30,0.03,0.071428571,0,0.793113284,0.53321415,0
42,0.01,0.005,14,0.7,30,0.03,0.071428571,0,0.780437489,0.5100511,0
43,0.01,0.005,16,0.8,30,0.03,0.071428571,0,0.771471322,0.49360335,0
44,0.01,0.005,18,0.9,30,0.03,0.071428571,0,0.765743638,0.48286337,0
45,0.1,0.005,2,0.1,30,0.03,0.263157895,0.263157895,1,0.8882787,0
46,0.1,0.005,4,0.2,30,0.03,0.263157895,0.263157895,1,0.84612614,0
47,0.1,0.005,6,0.3,30,0.03,0.263157895,0.263157895,1,0.8826608,0
48,0.1,0.005,8,0.4,30,0.03,0.263157895,0.263157895,1,0.9480374,0
49,0.1,0.005,10,0.5,30,0.03,0.263157895,0.263157895,1,1.0391139,0
50,0.1,0.005,12,0.6,30,0.03,0.263157895,0.263157895,1,1.138634,0
51,0.1,0.005,14,0.7,30,0.03,0.157894737,0.157894737,1,1.2293891,0
52,0.1,0.005,16,0.8,30,0.03,0.078947368,0.078947368,1,1.2975119,0
53,0.1,0.005,18,0.9,30,0.03,0.052631579,0.052631579,1,1.3391788,0
54,1,0.005,2,0.1,30,0.03,0.5625,0.555555556,1,0.8891716,0.011695906
55,1,0.005,4,0.2,30,0.03,0.375,0.555555556,1,0.908723,0
56,1,0.005,6,0.3,30,0.03,0.15625,0.238095238,1,1.0012906,0
57,1,0.005,8,0.4,30,0.03,0.078125,0.095238095,1,0.9996286,0
58,1,0.005,10,0.5,30,0.03,0.046875,0.063492063,1,0.9975488,0
59,1,0.005,12,0.6,30,0.03,0.03125,0.031746032,1,0.99805266,0
60,1,0.005,14,0.7,30,0.03,0.015625,0.031746032,1,0.9996048,0
61,1,0.005,16,0.8,30,0.03,0.015625,0.015873016,1,1.0009971,0
62,1,0.005,18,0.9,30,0.03,0.015625,0.015873016,1,1.0020981,0
63,10,0.005,2,0.1,30,0.03,0.851851852,0.555555556,1,0.8854416,0.023391813
64,10,0.005,4,0.2,30,0.03,0.44973545,0.555555556,1,0.87289405,0.035087719
65,10,0.005,6,0.3,30,0.03,0.148148148,0.158730159,1,0.9348034,0.035087719
66,10,0.005,8,0.4,30,0.03,0.031746032,0.063492063,1,0.94050086,0.035087719
67,10,0.005,10,0.5,30,0.03,0.026455026,0.031746032,1,0.9437256,0.040935673
68,10,0.005,12,0.6,30,0.03,0.010582011,0.031746032,1,0.9474365,0.040935673
69,10,0.005,14,0.7,30,0.03,0.031746032,0.015873016,1,0.95008534,0.040935673
70,10,0.005,16,0.8,30,0.03,0.005291005,0.015873016,1,0.9515664,0.040935673
71,10,0.005,18,0.9,30,0.03,0.005291005,0.015873016,1,0.9529504,0.040935673
72,0.01,0.005,2,0.1,50,0.05,0.071428571,0,1,0.87468916,0
73,0.01,0.005,4,0.2,50,0.05,0.071428571,0,0.960780647,0.72426206,0
74,0.01,0.005,6,0.3,50,0.05,0.071428571,0,0.912186945,0.606011,0
75,0.01,0.005,8,0.4,50,0.05,0.071428571,0,0.867994556,0.51355934,0
76,0.01,0.005,10,0.5,50,0.05,0.071428571,0,0.827688032,0.44067314,0
77,0.01,0.005,12,0.6,50,0.05,0.071428571,0,0.797466029,0.38347566,0
78,0.01,0.005,14,0.7,50,0.05,0.071428571,0,0.773669979,0.33951792,0
79,0.01,0.005,16,0.8,50,0.05,0.071428571,0,0.756042048,0.30723354,0
80,0.01,0.005,18,0.9,50,0.05,0.071428571,0,0.744412703,0.28568903,0
81,0.1,0.005,2,0.1,50,0.05,0.157894737,0.157894737,1,0.87944484,0
82,0.1,0.005,4,0.2,50,0.05,0.157894737,0.157894737,1,0.77046776,0
83,0.1,0.005,6,0.3,50,0.05,0.157894737,0.157894737,1,0.71854305,0
84,0.1,0.005,8,0.4,50,0.05,0.157894737,0.157894737,1,0.7038778,0
85,0.1,0.005,10,0.5,50,0.05,0.157894737,0.157894737,1,0.7144505,0
86,0.1,0.005,12,0.6,50,0.05,0.157894737,0.157894737,1,0.7439007,0
87,0.1,0.005,14,0.7,50,0.05,0.157894737,0.157894737,1,0.7875107,0
88,0.1,0.005,16,0.8,50,0.05,0.157894737,0.157894737,1,0.83752626,0
89,0.1,0.005,18,0.9,50,0.05,0.052631579,0.052631579,0.974202708,0.8774277,0
90,1,0.005,2,0.1,50,0.05,0.5,0.492063492,1,0.87778544,0
91,1,0.005,4,0.2,50,0.05,0.5,0.492063492,1,0.7800552,0
92,1,0.005,6,0.3,50,0.05,0.328125,0.492063492,1,0.81389827,0
93,1,0.005,8,0.4,50,0.05,0.125,0.174603175,1,0.90972173,0
94,1,0.005,10,0.5,50,0.05,0.0625,0.079365079,1,0.909923,0
95,1,0.005,12,0.6,50,0.05,0.03125,0.047619048,1,0.90812695,0
96,1,0.005,14,0.7,50,0.05,0.015625,0.031746032,1,0.9085259,0
97,1,0.005,16,0.8,50,0.05,0.015625,0.015873016,1,0.9095059,0
98,1,0.005,18,0.9,50,0.05,0.015625,0.015873016,1,0.9103438,0
99,10,0.005,2,0.1,50,0.05,0.830687831,0.492063492,1,0.87719107,0.011976048
100,10,0.005,4,0.2,50,0.05,0.788359788,0.492063492,1,0.7683006,0.017964072
101,10,0.005,6,0.3,50,0.05,0.35978836,0.492063492,1,0.77175295,0.017964072
102,10,0.005,8,0.4,50,0.05,0.105820106,0.126984127,1,0.85374385,0.017964072
103,10,0.005,10,0.5,50,0.05,0.026455026,0.047619048,1,0.85841614,0.017964072
104,10,0.005,12,0.6,50,0.05,0.010582011,0.031746032,1,0.8611259,0.017964072
105,10,0.005,14,0.7,50,0.05,0.010582011,0.015873016,1,0.86330086,0.017964072
106,10,0.005,16,0.8,50,0.05,0.005291005,0.015873016,1,0.8651649,0.017964072
107,10,0.005,18,0.9,50,0.05,0.005291005,0.015873016,1,0.8663251,0.017964072
108,0.01,0.005,2,0.1,100,0.1,0.071428571,0,0.878933213,0.8716419,0
109,0.01,0.005,4,0.2,100,0.1,0.071428571,0,0.754937635,0.701622,0
110,0.01,0.005,6,0.3,100,0.1,0.071428571,0,0.652747486,0.555886,0
111,0.01,0.005,8,0.4,100,0.1,0.071428571,0,0.57138523,0.4353646,0
112,0.01,0.005,10,0.5,100,0.1,0.071428571,0,0.504482289,0.33629468,0
113,0.01,0.005,12,0.6,100,0.1,0.071428571,0,0.449860125,0.2559429,0
114,0.01,0.005,14,0.7,100,0.1,0.071428571,0,0.407511825,0.19256425,0
115,0.01,0.005,16,0.8,100,0.1,0.071428571,0,0.375956958,0.14509574,0
116,0.01,0.005,18,0.9,100,0.1,0.071428571,0,0.35425546,0.11300034,0
117,0.1,0.005,2,0.1,100,0.1,0,-0.052631579,0.833052499,0.87362653,0
118,0.1,0.005,4,0.2,100,0.1,0,-0.052631579,0.69667349,0.71985716,0
119,0.1,0.005,6,0.3,100,0.1,0,-0.052631579,0.588206857,0.59772146,0
120,0.1,0.005,8,0.4,100,0.1,0,-0.026315789,0.503062769,0.50188726,0
121,0.1,0.005,10,0.5,100,0.1,0,-0.026315789,0.436174437,0.4264217,0
122,0.1,0.005,12,0.6,100,0.1,0,-0.026315789,0.384121629,0.3674921,0
123,0.1,0.005,14,0.7,100,0.1,0,-0.026315789,0.344565177,0.32253957,0
124,0.1,0.005,16,0.8,100,0.1,0,0,0.315855496,0.28980142,0
125,0.1,0.005,18,0.9,100,0.1,0,0,0.296888505,0.26812428,0
126,1,0.005,2,0.1,100,0.1,0.34375,0.333333333,0.810629187,0.87406427,0
127,1,0.005,4,0.2,100,0.1,0.34375,0.333333333,0.686454901,0.72607386,0
128,1,0.005,6,0.3,100,0.1,0.34375,0.333333333,0.603483154,0.62112755,0
129,1,0.005,8,0.4,100,0.1,0.34375,0.333333333,0.731835557,0.56423986,0
130,1,0.005,10,0.5,100,0.1,0.34375,0.333333333,0.929823381,0.5594672,0
131,1,0.005,12,0.6,100,0.1,0.109375,0.142857143,1,0.6517713,0
132,1,0.005,14,0.7,100,0.1,0.03125,0.047619048,1,0.67518866,0
133,1,0.005,16,0.8,100,0.1,0.015625,0.031746032,1,0.67949647,0
134,1,0.005,18,0.9,100,0.1,0.015625,0.015873016,1,0.6817055,0
135,10,0.005,2,0.1,100,0.1,0.777777778,0.333333333,0.05961983,0.87382627,0
136,10,0.005,4,0.2,100,0.1,0.777777778,0.333333333,0.037068709,0.72383064,0
137,10,0.005,6,0.3,100,0.1,0.777777778,0.333333333,0.472997653,0.6157651,0
138,10,0.005,8,0.4,100,0.1,0.444444444,0.333333333,0.75252832,0.5458676,0
139,10,0.005,10,0.5,100,0.1,0.19047619,0.333333333,0.741781869,0.5297706,0
140,10,0.005,12,0.6,100,0.1,0.037037037,0.111111111,0.737400862,0.625072,0
141,10,0.005,14,0.7,100,0.1,0.015873016,0.031746032,0.739585677,0.6417285,0
142,10,0.005,16,0.8,100,0.1,0.005291005,0.015873016,0.737295961,0.64655536,0
143,10,0.005,18,0.9,100,0.1,0.015873016,0.015873016,0.735205004,0.64862955,0
144,0.01,0.005,2,0.1,150,0.15,0.071428571,0,0.871935017,0.87041765,0
145,0.01,0.005,4,0.2,150,0.15,0.071428571,0,0.740787464,0.6957467,0
146,0.01,0.005,6,0.3,150,0.15,0.071428571,0,0.637397311,0.5439964,0
147,0.01,0.005,8,0.4,150,0.15,0.071428571,0,0.547280433,0.4174291,0
148,0.01,0.005,10,0.5,150,0.15,0.071428571,0,0.473248654,0.31272352,0
149,0.01,0.005,12,0.6,150,0.15,0.071428571,0,0.413165808,0.22736736,0
150,0.01,0.005,14,0.7,150,0.15,0.071428571,0,0.354461865,0.1597689,0
151,0.01,0.005,16,0.8,150,0.15,0.071428571,0,0.319183167,0.1089872,0
152,0.01,0.005,18,0.9,150,0.15,0.071428571,0,0.294677013,0.07458792,0
153,0.1,0.005,2,0.1,150,0.15,0,-0.026315789,0.802283676,0.87085426,0
154,0.1,0.005,4,0.2,150,0.15,0,-0.026315789,0.642328003,0.69973147,0
155,0.1,0.005,6,0.3,150,0.15,0,0,0.51179829,0.5530914,0
156,0.1,0.005,8,0.4,150,0.15,0,0,0.40348181,0.43181795,0
157,0.1,0.005,10,0.5,150,0.15,0,0,0.316046797,0.33211422,0
158,0.1,0.005,12,0.6,150,0.15,0,0,0.243676052,0.25123334,0
159,0.1,0.005,14,0.7,150,0.15,0,0,0.185631743,0.18742669,0
160,0.1,0.005,16,0.8,150,0.15,0,0,0.142104342,0.13963321,0
161,0.1,0.005,18,0.9,150,0.15,0,0,0.112735652,0.10732287,0
162,1,0.005,2,0.1,150,0.15,0.1875,0.174603175,0.766033375,0.872154,0
163,1,0.005,4,0.2,150,0.15,0.1875,0.174603175,0.643956484,0.7122907,0
164,1,0.005,6,0.3,150,0.15,0.1875,0.174603175,0.536364408,0.58449304,0
165,1,0.005,8,0.4,150,0.15,0.1875,0.174603175,0.453112651,0.4874017,0
166,1,0.005,10,0.5,150,0.15,0.1875,0.174603175,0.394833513,0.41697764,0
167,1,0.005,12,0.6,150,0.15,0.1875,0.174603175,0.429274402,0.37140265,0
168,1,0.005,14,0.7,150,0.15,0.1875,0.174603175,0.590248953,0.3538713,0
169,1,0.005,16,0.8,150,0.15,0.0625,0.111111111,0.683276665,0.38144606,0
170,1,0.005,18,0.9,150,0.15,0.015625,0.031746032,0.73153976,0.41075802,0
171,10,0.005,2,0.1,150,0.15,0.724867725,0.174603175,0.043348843,0.8720323,0
172,10,0.005,4,0.2,150,0.15,0.724867725,0.174603175,0.048724619,0.71130407,0
173,10,0.005,6,0.3,150,0.15,0.724867725,0.174603175,0.043783738,0.58208025,0
174,10,0.005,8,0.4,150,0.15,0.724867725,0.174603175,0.370619222,0.48313314,0
175,10,0.005,10,0.5,150,0.15,0.444444444,0.174603175,0.546856367,0.40972432,0
176,10,0.005,12,0.6,150,0.15,0.174603175,0.174603175,0.555715057,0.36123803,0
177,10,0.005,14,0.7,150,0.15,0.031746032,0.174603175,0.554476052,0.33991057,0
178,10,0.005,16,0.8,150,0.15,0.010582011,0.095238095,0.554527309,0.36602515,0
179,10,0.005,18,0.9,150,0.15,0.005291005,0.015873016,0.552752062,0.39441717,0
180,0.01,0.005,2,0.1,200,0.2,0.071428571,0,0.867742751,0.8695469,0
181,0.01,0.005,4,0.2,200,0.2,0.071428571,0,0.516018461,0.6931228,0
182,0.01,0.005,6,0.3,200,0.2,0.071428571,0,0.629279346,0.5395451,0
183,0.01,0.005,8,0.4,200,0.2,0.071428571,0,0.528894308,0.41127494,0
184,0.01,0.005,10,0.5,200,0.2,0.071428571,0,0.462317768,0.3050436,0
185,0.01,0.005,12,0.6,200,0.2,0.071428571,0,0.400950895,0.21836746,0
186,0.01,0.005,14,0.7,200,0.2,0.071428571,0,0.352398132,0.14967817,0
187,0.01,0.005,16,0.8,200,0.2,0.071428571,0,0.316269201,0.09805583,0
188,0.01,0.005,18,0.9,200,0.2,0.071428571,0,0.293373761,0.0630853,0
189,0.1,0.005,2,0.1,200,0.2,0,0,0.789699979,0.8696381,0
190,0.1,0.005,4,0.2,200,0.2,0,0,0.62230609,0.69395167,0
191,0.1,0.005,6,0.3,200,0.2,0,0,0.484654064,0.54143524,0
192,0.1,0.005,8,0.4,200,0.2,0,0,0.371370988,0.414266,0
193,0.1,0.005,10,0.5,200,0.2,0,0,0.277342141,0.3090773,0
194,0.1,0.005,12,0.6,200,0.2,0,0,0.200934193,0.22333643,0
195,0.1,0.005,14,0.7,200,0.2,0,0,0.141428636,0.1554417,0
196,0.1,0.005,16,0.8,200,0.2,0,0,0.098472929,0.1044468,0
197,0.1,0.005,18,0.9,200,0.2,0,0,0.068327745,0.069915526,0
198,1,0.005,2,0.1,200,0.2,0.03125,0.015873016,0.706724337,0.8706125,0
199,1,0.005,4,0.2,200,0.2,0.03125,0.015873016,0.588196134,0.70303583,0
200,1,0.005,6,0.3,200,0.2,0.03125,0.015873016,0.483575514,0.56302315,0
201,1,0.005,8,0.4,200,0.2,0.03125,0.015873016,0.390581902,0.4502269,0
202,1,0.005,10,0.5,200,0.2,0.03125,0.015873016,0.312357786,0.3603944,0
203,1,0.005,12,0.6,200,0.2,0.03125,0.015873016,0.251929506,0.2905206,0
204,1,0.005,14,0.7,200,0.2,0.03125,0.015873016,0.208258754,0.23848154,0
205,1,0.005,16,0.8,200,0.2,0.03125,0.015873016,0.179865244,0.20280915,0
206,1,0.005,18,0.9,200,0.2,0.03125,0.015873016,0.209619554,0.18232553,0
207,10,0.005,2,0.1,200,0.2,0.671957672,0.015873016,0.049487788,0.8705502,0
208,10,0.005,4,0.2,200,0.2,0.671957672,0.015873016,0.056071783,0.70250726,0
209,10,0.005,6,0.3,200,0.2,0.671957672,0.015873016,0.054738751,0.56183344,0
210,10,0.005,8,0.4,200,0.2,0.671957672,0.015873016,0.053612003,0.44805112,0
211,10,0.005,10,0.5,200,0.2,0.634920635,0.015873016,0.302855676,0.35779282,0
212,10,0.005,12,0.6,200,0.2,0.343915344,0.015873016,0.404657268,0.28730175,0
213,10,0.005,14,0.7,200,0.2,0.111111111,0.015873016,0.525277086,0.23452194,0
214,10,0.005,16,0.8,200,0.2,0.021164021,0.015873016,0.525928672,0.19842017,0
215,10,0.005,18,0.9,200,0.2,0.010582011,0.015873016,0.525126059,0.1774468,0
216,0.01,0.005,2,0.1,300,0.3,0.071428571,0,0.854809179,0.867962,0
217,0.01,0.005,4,0.2,300,0.3,0.071428571,0,0.497337672,0.6893333,0
218,0.01,0.005,6,0.3,300,0.3,0.071428571,0,0.619032456,0.53397965,0
219,0.01,0.005,8,0.4,300,0.3,0.071428571,0,0.519082081,0.404253,0
220,0.01,0.005,10,0.5,300,0.3,0.071428571,0,0.441963069,0.29681665,0
221,0.01,0.005,12,0.6,300,0.3,0.071428571,0,-0.131269828,0.20915847,0
222,0.01,0.005,14,0.7,300,0.3,0.071428571,0,0.330102676,0.13969801,0
223,0.01,0.005,16,0.8,300,0.3,0.071428571,0,0.305712454,0.0875102,0
224,0.01,0.005,18,0.9,300,0.3,0.071428571,0,0.282303919,0.052179657,0
225,0.1,0.005,2,0.1,300,0.3,0,0,0.773833381,0.86796606,0
226,0.1,0.005,4,0.2,300,0.3,0,0,0.605608171,0.68937045,0
227,0.1,0.005,6,0.3,300,0.3,0,0,0.466846235,0.5340639,0
228,0.1,0.005,8,0.4,300,0.3,0,0,0.352191798,0.40438616,0
229,0.1,0.005,10,0.5,300,0.3,0,0,0.257371572,0.29699612,0
230,0.1,0.005,12,0.6,300,0.3,0,0,0.179977799,0.20937958,0
231,0.1,0.005,14,0.7,300,0.3,0,0,0.118920097,0.1399544,0
232,0.1,0.005,16,0.8,300,0.3,0,0,0.073887362,0.087794505,0
233,0.1,0.005,18,0.9,300,0.3,0,0,0.045546177,0.052483488,0
234,1,0.005,2,0.1,300,0.3,0,-0.015873016,0.545666567,0.8680501,0
235,1,0.005,4,0.2,300,0.3,0,0,0.426788449,0.6901269,0
236,1,0.005,6,0.3,300,0.3,0,0,0.330246793,0.5357787,0
237,1,0.005,8,0.4,300,0.3,0,0,0.240198819,0.40708706,0
238,1,0.005,10,0.5,300,0.3,0,0,0.162294712,0.3006238,0
239,1,0.005,12,0.6,300,0.3,0,0,0.101613965,0.21383148,0
240,1,0.005,14,0.7,300,0.3,0,0,0.056940449,0.14510152,0
241,1,0.005,16,0.8,300,0.3,0,0,0.025290352,0.093487,0
242,1,0.005,18,0.9,300,0.3,0,0,0.008287768,0.05855577,0
243,10,0.005,2,0.1,300,0.3,0.566137566,-0.015873016,0.056949866,0.8680489,0
244,10,0.005,4,0.2,300,0.3,0.566137566,-0.015873016,0.059869916,0.6901164,0
245,10,0.005,6,0.3,300,0.3,0.566137566,-0.015873016,0.064100933,0.53575283,0
246,10,0.005,8,0.4,300,0.3,0.566137566,-0.015873016,0.061401265,0.40704325,0
247,10,0.005,10,0.5,300,0.3,0.566137566,-0.015873016,0.058776103,0.3005604,0
248,10,0.005,12,0.6,300,0.3,0.53968254,-0.015873016,0.175301621,0.21374854,0
249,10,0.005,14,0.7,300,0.3,0.296296296,0,0.353537195,0.14499979,0
250,10,0.005,16,0.8,300,0.3,0.126984127,0,0.361509789,0.09336916,0
251,10,0.005,18,0.9,300,0.3,0.015873016,0,0.373343493,0.058425933,0
252,0.01,0.007,2,0.1,0,0,0.142857143,0,1,0.9011722,0.016393443
253,0.01,0.007,4,0.2,0,0,0.142857143,0,1,0.89468837,0.016393443
254,0.01,0.007,6,0.3,0,0,0.142857143,0,0.988058447,0.94128436,0.016393443
255,0.01,0.007,8,0.4,0,0,0.142857143,0,0.951461345,0.9888026,0.016393443
256,0.01,0.007,10,0.5,0,0,0.142857143,0,0.917970232,1.0293567,0.016393443
257,0.01,0.007,12,0.6,0,0,0.142857143,0,0.889893472,1.0632252,0.016393443
258,0.01,0.007,14,0.7,0,0,0.142857143,0,0.866962751,1.091084,0.016393443
259,0.01,0.007,16,0.8,0,0,0.142857143,0,0.849106379,1.1130396,0.016393443
260,0.01,0.007,18,0.9,0,0,0.071428571,0,0.83661356,1.1286519,0.016393443
261,0.1,0.007,2,0.1,0,0,0.515151515,0.515151515,1,0.9496187,0.016393443
262,0.1,0.007,4,0.2,0,0,0.515151515,0.515151515,1,1.0191346,0.016393443
263,0.1,0.007,6,0.3,0,0,0.515151515,0.515151515,1,1.1632743,0.016393443
264,0.1,0.007,8,0.4,0,0,0.303030303,0.303030303,1,1.3001709,0.016393443
265,0.1,0.007,10,0.5,0,0,0.212121212,0.212121212,1,1.3790219,0.016393443
266,0.1,0.007,12,0.6,0,0,0.151515152,0.151515152,1,1.4175944,0.016393443
267,0.1,0.007,14,0.7,0,0,0.121212121,0.121212121,1,1.4380282,0.016393443
268,0.1,0.007,16,0.8,0,0,0.060606061,0.090909091,1,1.4504983,0.016393443
269,0.1,0.007,18,0.9,0,0,0.060606061,0.060606061,1,1.4584378,0.016393443
270,1,0.007,2,0.1,0,0,0.659574468,0.644444444,1,0.95145476,0.032786885
271,1,0.007,4,0.2,0,0,0.255319149,0.644444444,1,1.0064379,0.021857923
272,1,0.007,6,0.3,0,0,0.106382979,0.111111111,1,1.0736483,0.016393443
273,1,0.007,8,0.4,0,0,0.063829787,0.066666667,1,1.0849636,0.016393443
274,1,0.007,10,0.5,0,0,0.063829787,0.044444444,1,1.0949423,0.016393443
275,1,0.007,12,0.6,0,0,0.042553191,0.044444444,1,1.1037076,0.016393443
276,1,0.007,14,0.7,0,0,0.042553191,0.022222222,1,1.1105273,0.016393443
277,1,0.007,16,0.8,0,0,0.042553191,0.022222222,1,1.1153474,0.016393443
278,1,0.007,18,0.9,0,0,0.042553191,0.022222222,1,1.1185199,0.016393443
279,10,0.007,2,0.1,0,0,0.54491018,0.644444444,1,0.93761617,0.043715847
280,10,0.007,4,0.2,0,0,0.161676647,0.644444444,1,0.98612374,0.049180328
281,10,0.007,6,0.3,0,0,0.005988024,0.111111111,1,1.0357746,0.049180328
282,10,0.007,8,0.4,0,0,0.053892216,0.066666667,1,1.0480614,0.054644809
283,10,0.007,10,0.5,0,0,0.02994012,0.044444444,1,1.0570805,0.054644809
284,10,0.007,12,0.6,0,0,0.041916168,0.044444444,1,1.0629656,0.054644809
285,10,0.007,14,0.7,0,0,0.023952096,0.044444444,1,1.0680385,0.054644809
286,10,0.007,16,0.8,0,0,0.011976048,0.022222222,1,1.0707998,0.054644809
287,10,0.007,18,0.9,0,0,0.035928144,0.022222222,1,1.0728787,0.054644809
288,0.01,0.007,2,0.1,30,0.03,0.071428571,-0.071428571,1,0.8804175,0
289,0.01,0.007,4,0.2,30,0.03,0.071428571,-0.071428571,0.921567635,0.75152653,0
290,0.01,0.007,6,0.3,30,0.03,0.071428571,-0.071428571,0.86106675,0.66112393,0
291,0.01,0.007,8,0.4,30,0.03,0.071428571,-0.071428571,0.817230648,0.5960274,0
292,0.01,0.007,10,0.5,30,0.03,0.071428571,-0.071428571,0.784463461,0.547911,0
293,0.01,0.007,12,0.6,30,0.03,0.071428571,-0.071428571,0.759637688,0.5120956,0
294,0.01,0.007,14,0.7,30,0.03,0.071428571,0,0.741031875,0.48573568,0
295,0.01,0.007,16,0.8,30,0.03,0.071428571,0,0.727628373,0.46702164,0
296,0.01,0.007,18,0.9,30,0.03,0.071428571,0,0.718791793,0.4548282,0
297,0.1,0.007,2,0.1,30,0.03,0.333333333,0.333333333,1,0.88480896,0
298,0.1,0.007,4,0.2,30,0.03,0.333333333,0.333333333,1,0.7934625,0
299,0.1,0.007,6,0.3,30,0.03,0.333333333,0.333333333,1,0.776956,0
300,0.1,0.007,8,0.4,30,0.03,0.333333333,0.333333333,1,0.80070615,0
301,0.1,0.007,10,0.5,30,0.03,0.333333333,0.333333333,1,0.8508019,0
302,0.1,0.007,12,0.6,30,0.03,0.272727273,0.303030303,1,0.9192872,0
303,0.1,0.007,14,0.7,30,0.03,0.151515152,0.151515152,1,0.97061664,0
304,0.1,0.007,16,0.8,30,0.03,0.090909091,0.090909091,1,1.0031211,0
305,0.1,0.007,18,0.9,30,0.03,0.060606061,0.060606061,1,1.0211383,0
306,1,0.007,2,0.1,30,0.03,0.531914894,0.511111111,1,0.88234717,0.016949153
307,1,0.007,4,0.2,30,0.03,0.531914894,0.511111111,1,0.794359,0.016949153
308,1,0.007,6,0.3,30,0.03,0.531914894,0.511111111,1,0.8062094,0.02259887
309,1,0.007,8,0.4,30,0.03,0.170212766,0.266666667,1,0.8994684,0
310,1,0.007,10,0.5,30,0.03,0.085106383,0.088888889,1,0.9004245,0
311,1,0.007,12,0.6,30,0.03,0.063829787,0.044444444,1,0.9034991,0
312,1,0.007,14,0.7,30,0.03,0.042553191,0.022222222,1,0.90688217,0
313,1,0.007,16,0.8,30,0.03,0.042553191,0.022222222,1,0.90932274,0
314,1,0.007,18,0.9,30,0.03,0.042553191,0.022222222,1,0.91091526,0
315,10,0.007,2,0.1,30,0.03,0.868263473,0.511111111,1,0.8813519,0.016949153
316,10,0.007,4,0.2,30,0.03,0.868263473,0.511111111,1,0.782554,0.02259887
317,10,0.007,6,0.3,30,0.03,0.305389222,0.511111111,1,0.7731184,0.02259887
318,10,0.007,8,0.4,30,0.03,0.053892216,0.333333333,1,0.8534464,0.02259887
319,10,0.007,10,0.5,30,0.03,0.05988024,0.088888889,1,0.8655066,0.02259887
320,10,0.007,12,0.6,30,0.03,0.005988024,0.044444444,1,0.87078834,0.02259887
321,10,0.007,14,0.7,30,0.03,0.041916168,0.044444444,1,0.8751537,0.02259887
322,10,0.007,16,0.8,30,0.03,0.023952096,0.022222222,1,0.8773682,0.02259887
323,10,0.007,18,0.9,30,0.03,0.035928144,0.022222222,1,0.87887025,0.02259887
324,0.01,0.007,2,0.1,50,0.05,0.071428571,-0.071428571,0.857507429,0.8775992,0
325,0.01,0.007,4,0.2,50,0.05,0.071428571,-0.071428571,0.734653855,0.72861236,0
326,0.01,0.007,6,0.3,50,0.05,0.071428571,-0.071428571,0.641692679,0.6100217,0
327,0.01,0.007,8,0.4,50,0.05,0.071428571,-0.071428571,0.568443337,0.516569,0
328,0.01,0.007,10,0.5,50,0.05,0.071428571,-0.071428571,0.509997404,0.44249654,0
329,0.01,0.007,12,0.6,50,0.05,0.071428571,-0.071428571,0.463692035,0.38415015,0
330,0.01,0.007,14,0.7,50,0.05,0.071428571,0,0.427846306,0.33919397,0
331,0.01,0.007,16,0.8,50,0.05,0.071428571,0,0.401385368,0.30612245,0
332,0.01,0.007,18,0.9,50,0.05,0.071428571,0,0.383660062,0.2840356,0
333,0.1,0.007,2,0.1,50,0.05,0.212121212,0.212121212,0.85492011,0.8799284,0
334,0.1,0.007,4,0.2,50,0.05,0.212121212,0.212121212,0.755574419,0.7527546,0
335,0.1,0.007,6,0.3,50,0.05,0.212121212,0.212121212,0.700227455,0.67497987,0
336,0.1,0.007,8,0.4,50,0.05,0.212121212,0.212121212,0.751563253,0.63361615,0
337,0.1,0.007,10,0.5,50,0.05,0.212121212,0.212121212,0.822648627,0.61903954,0
338,0.1,0.007,12,0.6,50,0.05,0.212121212,0.212121212,0.821404897,0.62595534,0
339,0.1,0.007,14,0.7,50,0.05,0.212121212,0.212121212,0.857682784,0.65029764,0
340,0.1,0.007,16,0.8,50,0.05,0.151515152,0.151515152,0.819745706,0.6855683,0
341,0.1,0.007,18,0.9,50,0.05,0.060606061,0.060606061,0.819950062,0.7073936,0
342,1,0.007,2,0.1,50,0.05,0.446808511,0.422222222,0.827788905,0.879314,0.01734104
343,1,0.007,4,0.2,50,0.05,0.446808511,0.422222222,0.810760542,0.74952257,0.011560694
344,1,0.007,6,0.3,50,0.05,0.446808511,0.422222222,0.934291488,0.68438953,0.005780347
345,1,0.007,8,0.4,50,0.05,0.446808511,0.422222222,1,0.6735334,0.005780347
346,1,0.007,10,0.5,50,0.05,0.170212766,0.422222222,1,0.7140748,0
347,1,0.007,12,0.6,50,0.05,0.063829787,0.066666667,1,0.7778161,0
348,1,0.007,14,0.7,50,0.05,0.042553191,0.044444444,1,0.78356326,0
349,1,0.007,16,0.8,50,0.05,0.042553191,0.022222222,1,0.78690857,0
350,1,0.007,18,0.9,50,0.05,0.042553191,0.022222222,1,0.7890611,0
351,10,0.007,2,0.1,50,0.05,0.844311377,0.422222222,0.08151606,0.8790541,0.005780347
352,10,0.007,4,0.2,50,0.05,0.844311377,0.422222222,0.20979182,0.74616116,0
353,10,0.007,6,0.3,50,0.05,0.580838323,0.422222222,1,0.6705289,0
354,10,0.007,8,0.4,50,0.05,0.22754491,0.422222222,1,0.6468565,0
355,10,0.007,10,0.5,50,0.05,0.011976048,0.422222222,1,0.6719122,0
356,10,0.007,12,0.6,50,0.05,0.053892216,0.066666667,1,0.74612486,0
357,10,0.007,14,0.7,50,0.05,0.005988024,0.044444444,1,0.7534331,0
358,10,0.007,16,0.8,50,0.05,0.011976048,0.022222222,1,0.7574316,0
359,10,0.007,18,0.9,50,0.05,0.035928144,0.022222222,1,0.75930595,0
360,0.01,0.007,2,0.1,100,0.1,0.071428571,0,0.836810971,0.87457824,0
361,0.01,0.007,4,0.2,100,0.1,0.071428571,0,0.677562077,0.7081538,0
362,0.01,0.007,6,0.3,100,0.1,0.071428571,0,0.544485374,0.5653777,0
363,0.01,0.007,8,0.4,100,0.1,0.071428571,0,0.435515322,0.44721934,0
364,0.01,0.007,10,0.5,100,0.1,0.071428571,0,0.347476524,0.35003382,0
365,0.01,0.007,12,0.6,100,0.1,0.071428571,0,0.275753895,0.2711733,0
366,0.01,0.007,14,0.7,100,0.1,0.071428571,0,0.21891591,0.20894974,0
367,0.01,0.007,16,0.8,100,0.1,0.071428571,0,0.176339411,0.1623382,0
368,0.01,0.007,18,0.9,100,0.1,0.071428571,0,0.147575316,0.13082522,0
369,0.1,0.007,2,0.1,100,0.1,0,-0.060606061,0.822093496,0.87607765,0
370,0.1,0.007,4,0.2,100,0.1,0,-0.060606061,0.686062076,0.7219126,0
371,0.1,0.007,6,0.3,100,0.1,0,-0.060606061,0.575962303,0.5970093,0
372,0.1,0.007,8,0.4,100,0.1,0,-0.060606061,0.486152474,0.49769208,0
373,0.1,0.007,10,0.5,100,0.1,0,-0.03030303,0.41439465,0.41868258,0
374,0.1,0.007,12,0.6,100,0.1,0,-0.03030303,0.357837611,0.35645065,0
375,0.1,0.007,14,0.7,100,0.1,0,0,0.314413229,0.30862427,0
376,0.1,0.007,16,0.8,100,0.1,0,0,0.282638079,0.27358,0
377,0.1,0.007,18,0.9,100,0.1,0,0,0.261518098,0.25026807,0
378,1,0.007,2,0.1,100,0.1,0.234042553,0.2,0.774064394,0.87622,0.018404908
379,1,0.007,4,0.2,100,0.1,0.234042553,0.2,0.646675048,0.7240322,0
380,1,0.007,6,0.3,100,0.1,0.234042553,0.2,0.540940912,0.60491455,0
381,1,0.007,8,0.4,100,0.1,0.234042553,0.2,0.463607998,0.5165647,0
382,1,0.007,10,0.5,100,0.1,0.234042553,0.2,0.412346681,0.4544798,0
383,1,0.007,12,0.6,100,0.1,0.234042553,0.2,0.446496439,0.4153568,0
384,1,0.007,14,0.7,100,0.1,0.234042553,0.2,0.640757066,0.40178397,0
385,1,0.007,16,0.8,100,0.1,0.085106383,0.2,0.729949379,0.41845644,0
386,1,0.007,18,0.9,100,0.1,0.042553191,0.022222222,0.777135963,0.44867355,0
387,10,0.007,2,0.1,100,0.1,0.784431138,0.2,0.045810727,0.8761158,0
388,10,0.007,4,0.2,100,0.1,0.784431138,0.2,0.047148123,0.7229067,0
389,10,0.007,6,0.3,100,0.1,0.784431138,0.2,0.056238778,0.6020964,0
390,10,0.007,8,0.4,100,0.1,0.622754491,0.2,0.497846966,0.51154095,0
391,10,0.007,10,0.5,100,0.1,0.299401198,0.2,0.631682479,0.4467567,0
392,10,0.007,12,0.6,100,0.1,0.035928144,0.2,0.642167144,0.40467086,0
393,10,0.007,14,0.7,100,0.1,0.053892216,0.2,0.623664099,0.3873992,0
394,10,0.007,16,0.8,100,0.1,0.041916168,0.2,0.623200713,0.39434347,0
395,10,0.007,18,0.9,100,0.1,0.011976048,0.044444444,0.630010629,0.4268444,0
396,0.01,0.007,2,0.1,150,0.15,0.071428571,0,0.825764711,0.8731228,0
397,0.01,0.007,4,0.2,150,0.15,0.071428571,0,0.661092532,0.70210737,0
398,0.01,0.007,6,0.3,150,0.15,0.071428571,0,0.521784386,0.5536616,0
399,0.01,0.007,8,0.4,150,0.15,0.071428571,0,0.406040652,0.42988247,0
400,0.01,0.007,10,0.5,150,0.15,0.071428571,0,0.310402325,0.32749233,0
401,0.01,0.007,12,0.6,150,0.15,0.071428571,0,0.232940848,0.2440292,0
402,0.01,0.007,14,0.7,150,0.15,0.071428571,0,0.172164981,0.17793709,0
403,0.01,0.007,16,0.8,150,0.15,0.071428571,0,0.127864458,0.12829718,0
404,0.01,0.007,18,0.9,150,0.15,0.071428571,0,0.097328519,0.09468612,0
405,0.1,0.007,2,0.1,150,0.15,0,0,0.788612131,0.8734707,0
406,0.1,0.007,4,0.2,150,0.15,0,0,0.633060719,0.7052639,0
407,0.1,0.007,6,0.3,150,0.15,0,0,0.507811585,0.56084526,0
408,0.1,0.007,8,0.4,150,0.15,0,0,0.403258347,0.44122586,0
409,0.1,0.007,10,0.5,150,0.15,0,0,0.317694885,0.34275556,0
410,0.1,0.007,12,0.6,150,0.15,0,0,0.248518458,0.2627909,0
411,0.1,0.007,14,0.7,150,0.15,0,0,0.191861048,0.19965576,0
412,0.1,0.007,16,0.8,150,0.15,0,0,0.149209027,0.15234125,0
413,0.1,0.007,18,0.9,150,0.15,0,0,0.120412892,0.120352805,0
414,1,0.007,2,0.1,150,0.15,0.021276596,-0.022222222,0.692654937,0.87415767,0.013071895
415,1,0.007,4,0.2,150,0.15,0.021276596,-0.022222222,0.570741467,0.7117148,0
416,1,0.007,6,0.3,150,0.15,0.021276596,-0.022222222,0.464115306,0.576359,0
417,1,0.007,8,0.4,150,0.15,0.021276596,-0.022222222,0.367499102,0.4673545,0
418,1,0.007,10,0.5,150,0.15,0.021276596,-0.022222222,0.288159967,0.3803878,0
419,1,0.007,12,0.6,150,0.15,0.021276596,-0.022222222,0.227468834,0.3122,0
420,1,0.007,14,0.7,150,0.15,0.021276596,-0.022222222,0.184509356,0.2606064,0
421,1,0.007,16,0.8,150,0.15,0.021276596,-0.022222222,0.156155643,0.22377412,0
422,1,0.007,18,0.9,150,0.15,0.021276596,-0.022222222,0.139843684,0.20021847,0
423,10,0.007,2,0.1,150,0.15,0.724550898,-0.022222222,0.059121838,0.8740974,0
424,10,0.007,4,0.2,150,0.15,0.724550898,-0.022222222,0.061668472,0.71107155,0
425,10,0.007,6,0.3,150,0.15,0.724550898,-0.022222222,0.061132433,0.5750239,0
426,10,0.007,8,0.4,150,0.15,0.724550898,-0.022222222,0.186111253,0.46509802,0
427,10,0.007,10,0.5,150,0.15,0.538922156,-0.022222222,0.475442192,0.3770118,0
428,10,0.007,12,0.6,150,0.15,0.269461078,-0.022222222,0.480888471,0.30779445,0
429,10,0.007,14,0.7,150,0.15,0.023952096,-0.022222222,0.609917141,0.25513738,0
430,10,0.007,16,0.8,150,0.15,0.047904192,-0.022222222,0.592355563,0.21726063,0
431,10,0.007,18,0.9,150,0.15,0.023952096,-0.022222222,0.593258302,0.19255427,0
432,0.01,0.007,2,0.1,200,0.2,0.071428571,0,0.816635033,0.87197834,0
433,0.01,0.007,4,0.2,200,0.2,0.071428571,0,0.650812877,0.698924,0
434,0.01,0.007,6,0.3,200,0.2,0.071428571,0,0.510610181,0.5484938,0
435,0.01,0.007,8,0.4,200,0.2,0.071428571,0,0.393904329,0.4229183,0
436,0.01,0.007,10,0.5,200,0.2,0.071428571,0,0.297313822,0.31894496,0
437,0.01,0.007,12,0.6,200,0.2,0.071428571,0,0.218605646,0.2341282,0
438,0.01,0.007,14,0.7,200,0.2,0.071428571,0,0.156729279,0.16692823,0
439,0.01,0.007,16,0.8,200,0.2,0.071428571,0,0.110695858,0.116442315,0
440,0.01,0.007,18,0.9,200,0.2,0.071428571,0,0.081067414,0.08226291,0
441,0.1,0.007,2,0.1,200,0.2,0,0,0.772637259,0.87205195,0
442,0.1,0.007,4,0.2,200,0.2,0,0,0.612130546,0.69958717,0
443,0.1,0.007,6,0.3,200,0.2,0,0,0.480637392,0.55000144,0
444,0.1,0.007,8,0.4,200,0.2,0,0,0.372435048,0.4253005,0
445,0.1,0.007,10,0.5,200,0.2,0,0,0.282806843,0.32215452,0
446,0.1,0.007,12,0.6,200,0.2,0,0,0.209743349,0.23807938,0
447,0.1,0.007,14,0.7,200,0.2,0,0,0.152824178,0.17150883,0
448,0.1,0.007,16,0.8,200,0.2,0,0,0.111850565,0.121519625,0
449,0.1,0.007,18,0.9,200,0.2,0,0,0.082950989,0.08768766,0
450,1,0.007,2,0.1,200,0.2,0,-0.066666667,0.590737119,0.8723369,0
451,1,0.007,4,0.2,200,0.2,0,-0.066666667,0.465880441,0.7021382,0
452,1,0.007,6,0.3,200,0.2,0,-0.044444444,0.358547752,0.55572087,0
453,1,0.007,8,0.4,200,0.2,0,-0.044444444,0.265552136,0.43418556,0
454,1,0.007,10,0.5,200,0.2,0,-0.022222222,0.187881998,0.33391404,0
455,1,0.007,12,0.6,200,0.2,0,-0.022222222,0.12183747,0.25229204,0
456,1,0.007,14,0.7,200,0.2,0,-0.022222222,0.072249185,0.18773937,0
457,1,0.007,16,0.8,200,0.2,0,0,0.040890525,0.13930069,0
458,1,0.007,18,0.9,200,0.2,0,0,0.024488115,0.10652425,0
459,10,0.007,2,0.1,200,0.2,0.664670659,-0.066666667,0.06004848,0.87231034,0
460,10,0.007,4,0.2,200,0.2,0.664670659,-0.044444444,0.060952594,0.70189726,0
461,10,0.007,6,0.3,200,0.2,0.664670659,-0.044444444,0.060723447,0.555167,0
462,10,0.007,8,0.4,200,0.2,0.664670659,-0.044444444,0.060269131,0.43330842,0
463,10,0.007,10,0.5,200,0.2,0.664670659,-0.022222222,0.236641218,0.3327139,0
464,10,0.007,12,0.6,200,0.2,0.407185629,-0.022222222,0.352540338,0.2507999,0
465,10,0.007,14,0.7,200,0.2,0.179640719,0,0.46115461,0.18599458,0
466,10,0.007,16,0.8,200,0.2,0.005988024,0,0.469550131,0.13737234,0
467,10,0.007,18,0.9,200,0.2,0.011976048,0,0.472218556,0.10447458,0
468,0.01,0.007,2,0.1,300,0.3,0.071428571,0,0.799578307,0.86982775,0
469,0.01,0.007,4,0.2,300,0.3,0.071428571,0,0.633469718,0.6938591,0
470,0.01,0.007,6,0.3,300,0.3,0.071428571,0,0.493839933,0.54113626,0
471,0.01,0.007,8,0.4,300,0.3,0.071428571,0,0.377633416,0.41370618,0
472,0.01,0.007,10,0.5,300,0.3,0.071428571,0,0.281397174,0.3082129,0
473,0.01,0.007,12,0.6,300,0.3,0.071428571,0,0.202964113,0.22216707,0
474,0.01,0.007,14,0.7,300,0.3,0.071428571,0,0.141110995,0.15400851,0
475,0.01,0.007,16,0.8,300,0.3,0.071428571,0,0.095022104,0.10282497,0
476,0.01,0.007,18,0.9,300,0.3,0.071428571,0,0.064616615,0.06820597,0
477,0.1,0.007,2,0.1,300,0.3,0,0,0.751060104,0.8698313,0
478,0.1,0.007,4,0.2,300,0.3,0,0,0.590627347,0.6938898,0
479,0.1,0.007,6,0.3,300,0.3,0,0,0.459091261,0.5412059,0
480,0.1,0.007,8,0.4,300,0.3,0,0,0.349904592,0.41381598,0
481,0.1,0.007,10,0.5,300,0.3,0,0,0.259992051,0.3083607,0
482,0.1,0.007,12,0.6,300,0.3,0,0,0.186517894,0.22234887,0
483,0.1,0.007,14,0.7,300,0.3,0,0,0.12855434,0.15421928,0
484,0.1,0.007,16,0.8,300,0.3,0,0,0.085855492,0.103058614,0
485,0.1,0.007,18,0.9,300,0.3,0,0,0.059361865,0.06845559,0
486,1,0.007,2,0.1,300,0.3,0,0,0.368918197,0.8698433,0
487,1,0.007,4,0.2,300,0.3,0,0,0.247318008,0.69399744,0
488,1,0.007,6,0.3,300,0.3,0,0,0.157863053,0.54144937,0
489,1,0.007,8,0.4,300,0.3,0,0,0.084144365,0.41419986,0
490,1,0.007,10,0.5,300,0.3,0,0,0.023819384,0.30887717,0
491,1,0.007,12,0.6,300,0.3,0,0,0.006132452,0.22298415,0
492,1,0.007,14,0.7,300,0.3,0,0,0.008212063,0.15495525,0
493,1,0.007,16,0.8,300,0.3,0,0,0.010323928,0.10387399,0
494,1,0.007,18,0.9,300,0.3,0,0,0.010491625,0.069326505,0
495,10,0.007,2,0.1,300,0.3,0.54491018,0,0.061585411,0.869842,0
496,10,0.007,4,0.2,300,0.3,0.54491018,0,0.063120277,0.6939857,0
497,10,0.007,6,0.3,300,0.3,0.54491018,0,0.064832948,0.5414229,0
498,10,0.007,8,0.4,300,0.3,0.54491018,0,0.065111171,0.4141582,0
499,10,0.007,10,0.5,300,0.3,0.54491018,0,0.063122885,0.30882114,0
500,10,0.007,12,0.6,300,0.3,0.54491018,0,0.142184416,0.2229153,0
501,10,0.007,14,0.7,300,0.3,0.329341317,0,0.31187769,0.15487544,0
502,10,0.007,16,0.8,300,0.3,0.149700599,0,0.327166487,0.10378541,0
503,10,0.007,18,0.9,300,0.3,0.023952096,0,0.337083341,0.06923181,0
504,0.01,0.01,2,0.1,0,0,0.153846154,0.076923077,1,0.8972177,0.005347594
505,0.01,0.01,4,0.2,0,0,0.153846154,0.076923077,1,0.8538362,0.005347594
506,0.01,0.01,6,0.3,0,0,0.153846154,0.076923077,0.980217742,0.86135113,0.005347594
507,0.01,0.01,8,0.4,0,0,0.153846154,0.076923077,0.995044725,0.88052565,0.005347594
508,0.01,0.01,10,0.5,0,0,0.153846154,0.076923077,0.984440065,0.9025178,0.005347594
509,0.01,0.01,12,0.6,0,0,0.153846154,0.076923077,0.963523277,0.9251258,0.005347594
510,0.01,0.01,14,0.7,0,0,0.153846154,0.076923077,0.943832928,0.94720954,0.005347594
511,0.01,0.01,16,0.8,0,0,0.076923077,0.076923077,0.926577022,0.9675497,0.005347594
512,0.01,0.01,18,0.9,0,0,0.076923077,0.076923077,0.913146044,0.98447907,0.005347594
513,0.1,0.01,2,0.1,0,0,0.555555556,0.555555556,1,0.9160601,0.005347594
514,0.1,0.01,4,0.2,0,0,0.555555556,0.555555556,1,0.9350632,0.005347594
515,0.1,0.01,6,0.3,0,0,0.555555556,0.555555556,1,0.97995543,0.005347594
516,0.1,0.01,8,0.4,0,0,0.444444444,0.555555556,1,1.0698891,0.005347594
517,0.1,0.01,10,0.5,0,0,0.259259259,0.259259259,1,1.1416197,0.005347594
518,0.1,0.01,12,0.6,0,0,0.185185185,0.185185185,1,1.1689492,0.005347594
519,0.1,0.01,14,0.7,0,0,0.111111111,0.111111111,1,1.1767861,0.005347594
520,0.1,0.01,16,0.8,0,0,0.074074074,0.074074074,1,1.1792662,0.005347594
521,0.1,0.01,18,0.9,0,0,0.074074074,0.074074074,1,1.180453,0.005347594
522,1,0.01,2,0.1,0,0,0.636363636,0.612903226,1,0.91258,0.037433155
523,1,0.01,4,0.2,0,0,0.636363636,0.612903226,1,0.9229852,0.037433155
524,1,0.01,6,0.3,0,0,0.242424242,0.612903226,1,0.961707,0.053475936
525,1,0.01,8,0.4,0,0,0.090909091,0.096774194,1,1.0153491,0.058823529
526,1,0.01,10,0.5,0,0,0.060606061,0.064516129,1,1.0245495,0.064171123
527,1,0.01,12,0.6,0,0,0.060606061,0.032258065,1,1.0317512,0.064171123
528,1,0.01,14,0.7,0,0,0.03030303,0.032258065,1,1.0369555,0.064171123
529,1,0.01,16,0.8,0,0,0.03030303,0.032258065,1,1.0404848,0.064171123
530,1,0.01,18,0.9,0,0,0.03030303,0.032258065,1,1.0428869,0.064171123
531,10,0.01,2,0.1,0,0,0.918918919,0.612903226,1,0.907364,0.026737968
532,10,0.01,4,0.2,0,0,0.310810811,0.612903226,1,0.8999189,0.032085561
533,10,0.01,6,0.3,0,0,0.033783784,0.612903226,1,0.9366787,0.032085561
534,10,0.01,8,0.4,0,0,0,0.096774194,1,0.9893601,0.032085561
535,10,0.01,10,0.5,0,0,0.02027027,0.064516129,1,0.9999746,0.037433155
536,10,0.01,12,0.6,0,0,0.013513514,0.064516129,1,1.0070784,0.037433155
537,10,0.01,14,0.7,0,0,0.006756757,0.032258065,1,1.0117965,0.037433155
538,10,0.01,16,0.8,0,0,0.006756757,0.032258065,1,1.0149468,0.037433155
539,10,0.01,18,0.9,0,0,0.006756757,0.032258065,1,1.0171226,0.037433155
540,0.01,0.01,2,0.1,30,0.03,0.076923077,-0.076923077,0.867038769,0.88436043,0
541,0.01,0.01,4,0.2,30,0.03,0.076923077,-0.076923077,0.763116643,0.7559981,0
542,0.01,0.01,6,0.3,30,0.03,0.076923077,-0.076923077,0.690286384,0.66305137,0
543,0.01,0.01,8,0.4,30,0.03,0.076923077,-0.076923077,0.635989475,0.594656,0
544,0.01,0.01,10,0.5,30,0.03,0.076923077,-0.076923077,0.594526094,0.5433625,0
545,0.01,0.01,12,0.6,30,0.03,0.076923077,-0.076923077,0.562832911,0.5048273,0
546,0.01,0.01,14,0.7,30,0.03,0.076923077,-0.076923077,0.539045979,0.47631773,0
547,0.01,0.01,16,0.8,30,0.03,0.076923077,0,0.521910499,0.4560335,0
548,0.01,0.01,18,0.9,30,0.03,0.076923077,0,0.510638418,0.44281566,0
549,0.1,0.01,2,0.1,30,0.03,0.333333333,0.333333333,0.860655355,0.88521904,0
550,0.1,0.01,4,0.2,30,0.03,0.333333333,0.333333333,0.838731662,0.76916957,0
551,0.1,0.01,6,0.3,30,0.03,0.333333333,0.333333333,0.820545867,0.70559466,0
552,0.1,0.01,8,0.4,30,0.03,0.333333333,0.333333333,0.941672444,0.6764054,0
553,0.1,0.01,10,0.5,30,0.03,0.333333333,0.333333333,1,0.6756353,0
554,0.1,0.01,12,0.6,30,0.03,0.333333333,0.333333333,1,0.6935367,0
555,0.1,0.01,14,0.7,30,0.03,0.222222222,0.296296296,1,0.7299285,0
556,0.1,0.01,16,0.8,30,0.03,0.111111111,0.111111111,1,0.75304866,0
557,0.1,0.01,18,0.9,30,0.03,0.074074074,0.074074074,1,0.76519084,0
558,1,0.01,2,0.1,30,0.03,0.454545455,0.419354839,0.799088958,0.88473135,0.033149171
559,1,0.01,4,0.2,30,0.03,0.454545455,0.419354839,0.784180811,0.76358205,0.033149171
560,1,0.01,6,0.3,30,0.03,0.454545455,0.419354839,0.819150012,0.7012661,0.027624309
561,1,0.01,8,0.4,30,0.03,0.454545455,0.419354839,1,0.6766634,0.027624309
562,1,0.01,10,0.5,30,0.03,0.454545455,0.419354839,1,0.68428135,0.027624309
563,1,0.01,12,0.6,30,0.03,0.090909091,0.161290323,1,0.74497885,0.033149171
564,1,0.01,14,0.7,30,0.03,0.060606061,0.032258065,1,0.76376057,0.033149171
565,1,0.01,16,0.8,30,0.03,0.03030303,0.032258065,1,0.77030003,0.033149171
566,1,0.01,18,0.9,30,0.03,0.03030303,0.032258065,1,0.77384496,0.033149171
567,10,0.01,2,0.1,30,0.03,0.878378378,0.419354839,0.021391221,0.8844984,0.005524862
568,10,0.01,4,0.2,30,0.03,0.878378378,0.419354839,1,0.76126796,0.005524862
569,10,0.01,6,0.3,30,0.03,0.5,0.419354839,1,0.69307435,0.005524862
570,10,0.01,8,0.4,30,0.03,0.135135135,0.419354839,1,0.66197544,0.005524862
571,10,0.01,10,0.5,30,0.03,0,0.419354839,1,0.66509724,0.005524862
572,10,0.01,12,0.6,30,0.03,0.02027027,0.129032258,1,0.726074,0.005524862
573,10,0.01,14,0.7,30,0.03,0.013513514,0.064516129,1,0.74289364,0.005524862
574,10,0.01,16,0.8,30,0.03,0.006756757,0.032258065,1,0.7500993,0.005524862
575,10,0.01,18,0.9,30,0.03,0.006756757,0.032258065,1,0.75350356,0.005524862
576,0.01,0.01,2,0.1,50,0.05,0.076923077,-0.076923077,0.851773482,0.8817918,0
577,0.01,0.01,4,0.2,50,0.05,0.076923077,-0.076923077,0.718505813,0.7364298,0
578,0.01,0.01,6,0.3,50,0.05,0.076923077,-0.076923077,0.613682567,0.61966676,0
579,0.01,0.01,8,0.4,50,0.05,0.076923077,-0.076923077,0.530666326,0.52707493,0
580,0.01,0.01,10,0.5,50,0.05,0.076923077,-0.076923077,0.464652045,0.45333773,0
581,0.01,0.01,12,0.6,50,0.05,0.076923077,-0.076923077,0.412484488,0.3950406,0
582,0.01,0.01,14,0.7,50,0.05,0.076923077,-0.076923077,0.372201847,0.34999406,0
583,0.01,0.01,16,0.8,50,0.05,0.076923077,0,0.342494406,0.31678703,0
584,0.01,0.01,18,0.9,50,0.05,0.076923077,0,0.322609233,0.29458246,0
585,0.1,0.01,2,0.1,50,0.05,0.185185185,0.185185185,0.844846831,0.88297325,0
586,0.1,0.01,4,0.2,50,0.05,0.185185185,0.185185185,0.726824635,0.74856967,0
587,0.1,0.01,6,0.3,50,0.05,0.185185185,0.185185185,0.642794367,0.6514874,0
588,0.1,0.01,8,0.4,50,0.05,0.185185185,0.185185185,0.585661093,0.5842608,0
589,0.1,0.01,10,0.5,50,0.05,0.185185185,0.185185185,0.606328374,0.5410681,0
590,0.1,0.01,12,0.6,50,0.05,0.185185185,0.185185185,0.571958431,0.5172015,0
591,0.1,0.01,14,0.7,50,0.05,0.185185185,0.185185185,0.675367391,0.5078016,0
592,0.1,0.01,16,0.8,50,0.05,0.185185185,0.185185185,0.673813562,0.51075536,0
593,0.1,0.01,18,0.9,50,0.05,0.111111111,0.111111111,0.671941601,0.52261716,0
594,1,0.01,2,0.1,50,0.05,0.333333333,0.290322581,0.773058091,0.88266015,0.033898305
595,1,0.01,4,0.2,50,0.05,0.333333333,0.290322581,0.634901681,0.746257,0.028248588
596,1,0.01,6,0.3,50,0.05,0.333333333,0.290322581,0.540105857,0.6483974,0.02259887
597,1,0.01,8,0.4,50,0.05,0.333333333,0.290322581,0.482591357,0.58325475,0.016949153
598,1,0.01,10,0.5,50,0.05,0.333333333,0.290322581,0.566514186,0.5482502,0.016949153
599,1,0.01,12,0.6,50,0.05,0.333333333,0.290322581,0.762957378,0.534293,0.016949153
600,1,0.01,14,0.7,50,0.05,0.151515152,0.290322581,0.863799272,0.54284894,0.016949153
601,1,0.01,16,0.8,50,0.05,0.060606061,0.064516129,1,0.5822327,0.011299435
602,1,0.01,18,0.9,50,0.05,0.03030303,0.032258065,1,0.59071213,0.011299435
603,10,0.01,2,0.1,50,0.05,0.851351351,0.290322581,0.074481856,0.8825436,0
604,10,0.01,4,0.2,50,0.05,0.851351351,0.290322581,0.052924483,0.7450778,0
605,10,0.01,6,0.3,50,0.05,0.797297297,0.290322581,0.524055858,0.64525765,0
606,10,0.01,8,0.4,50,0.05,0.331081081,0.290322581,0.702610775,0.57778037,0
607,10,0.01,10,0.5,50,0.05,0,0.290322581,1,0.5386316,0
608,10,0.01,12,0.6,50,0.05,0.027027027,0.290322581,1,0.52070063,0
609,10,0.01,14,0.7,50,0.05,0.013513514,0.290322581,1,0.5258343,0
610,10,0.01,16,0.8,50,0.05,0.006756757,0.064516129,1,0.56475055,0
611,10,0.01,18,0.9,50,0.05,0,0.032258065,1,0.5732269,0
612,0.01,0.01,2,0.1,100,0.1,0.076923077,-0.076923077,0.832032958,0.8786256,0
613,0.01,0.01,4,0.2,100,0.1,0.076923077,-0.076923077,0.67845633,0.71739,0
614,0.01,0.01,6,0.3,100,0.1,0.076923077,0,0.549826306,0.5790588,0
615,0.01,0.01,8,0.4,100,0.1,0.076923077,0,0.443710744,0.46453586,0
616,0.01,0.01,10,0.5,100,0.1,0.076923077,0,0.357458464,0.37030187,0
617,0.01,0.01,12,0.6,100,0.1,0.076923077,0,0.288511998,0.29381025,0
618,0.01,0.01,14,0.7,100,0.1,0.076923077,0,0.23314043,0.23344275,0
619,0.01,0.01,16,0.8,100,0.1,0.076923077,0,0.191540944,0.18821988,0
620,0.01,0.01,18,0.9,100,0.1,0.076923077,0,0.163407645,0.15765487,0
621,0.1,0.01,2,0.1,100,0.1,0,-0.111111111,0.802493795,0.87947404,0
622,0.1,0.01,4,0.2,100,0.1,0,-0.111111111,0.669779906,0.72509897,0
623,0.1,0.01,6,0.3,100,0.1,0,-0.074074074,0.560805852,0.5966267,0
624,0.1,0.01,8,0.4,100,0.1,0,-0.074074074,0.468670071,0.49229032,0
625,0.1,0.01,10,0.5,100,0.1,0,-0.037037037,0.392057494,0.4076233,0
626,0.1,0.01,12,0.6,100,0.1,0,-0.037037037,0.330196943,0.33960637,0
627,0.1,0.01,14,0.7,100,0.1,0,0,0.281687015,0.28632957,0
628,0.1,0.01,16,0.8,100,0.1,0,0,0.245541322,0.24661873,0
629,0.1,0.01,18,0.9,100,0.1,0,0,0.221185753,0.21985626,0
630,1,0.01,2,0.1,100,0.1,0.03030303,-0.032258065,0.66974638,0.8795977,0.035928144
631,1,0.01,4,0.2,100,0.1,0.03030303,-0.032258065,0.52726762,0.7265064,0.023952096
632,1,0.01,6,0.3,100,0.1,0.03030303,-0.032258065,0.401598701,0.6008507,0
633,1,0.01,8,0.4,100,0.1,0.03030303,-0.032258065,0.297397615,0.50093645,0
634,1,0.01,10,0.5,100,0.1,0.03030303,-0.032258065,0.218694375,0.4221542,0
635,1,0.01,12,0.6,100,0.1,0.03030303,-0.032258065,0.162030828,0.36112675,0
636,1,0.01,14,0.7,100,0.1,0.03030303,-0.032258065,0.125878392,0.31542268,0
637,1,0.01,16,0.8,100,0.1,0.03030303,-0.032258065,0.10861032,0.2831817,0
638,1,0.01,18,0.9,100,0.1,0.03030303,-0.032258065,0.102157608,0.26281503,0
639,10,0.01,2,0.1,100,0.1,0.783783784,-0.032258065,0.059782987,0.87954766,0
640,10,0.01,4,0.2,100,0.1,0.783783784,-0.032258065,0.065496502,0.7260528,0
641,10,0.01,6,0.3,100,0.1,0.783783784,-0.032258065,0.060954046,0.5997775,0
642,10,0.01,8,0.4,100,0.1,0.783783784,-0.032258065,0.450367359,0.49913493,0
643,10,0.01,10,0.5,100,0.1,0.364864865,-0.032258065,0.537561659,0.4195491,0
644,10,0.01,12,0.6,100,0.1,0.006756757,-0.032258065,0.684790726,0.35762295,0
645,10,0.01,14,0.7,100,0.1,0,-0.032258065,0.663841862,0.31105423,0
646,10,0.01,16,0.8,100,0.1,0.013513514,-0.032258065,0.661603005,0.27795407,0
647,10,0.01,18,0.9,100,0.1,0.006756757,-0.032258065,0.661275924,0.25677332,0
648,0.01,0.01,2,0.1,150,0.15,0.076923077,0,0.817765539,0.876817,0
649,0.01,0.01,4,0.2,150,0.15,0.076923077,0,0.660466635,0.7108451,0
650,0.01,0.01,6,0.3,150,0.15,0.076923077,0,0.527823115,0.567002,0
651,0.01,0.01,8,0.4,150,0.15,0.076923077,0,0.417532766,0.4471236,0
652,0.01,0.01,10,0.5,150,0.15,0.076923077,0,0.326340899,0.34798226,0
653,0.01,0.01,12,0.6,150,0.15,0.076923077,0,0.252447287,0.2671816,0
654,0.01,0.01,14,0.7,150,0.15,0.076923077,0,0.194408375,0.20321229,0
655,0.01,0.01,16,0.8,150,0.15,0.076923077,0,0.152312031,0.1551844,0
656,0.01,0.01,18,0.9,150,0.15,0.076923077,0,0.123340868,0.122688055,0
657,0.1,0.01,2,0.1,150,0.15,0,0,0.766470014,0.8770032,0
658,0.1,0.01,4,0.2,150,0.15,0,0,0.619765484,0.71251893,0
659,0.1,0.01,6,0.3,150,0.15,0,0,0.499591542,0.5707946,0
660,0.1,0.01,8,0.4,150,0.15,0,0,0.400536974,0.45309535,0
661,0.1,0.01,10,0.5,150,0.15,0,0,0.318291912,0.35599938,0
662,0.1,0.01,12,0.6,150,0.15,0,0,0.252358838,0.27701694,0
663,0.1,0.01,14,0.7,150,0.15,0,0,0.198679143,0.21457863,0
664,0.1,0.01,16,0.8,150,0.15,0,0,0.157473606,0.16775058,0
665,0.1,0.01,18,0.9,150,0.15,0,0,0.129583986,0.13608906,0
666,1,0.01,2,0.1,150,0.15,0,-0.129032258,0.519767853,0.87719035,0.025477707
667,1,0.01,4,0.2,150,0.15,0,-0.096774194,0.375300111,0.7141776,0.012738854
668,1,0.01,6,0.3,150,0.15,0,-0.096774194,0.256338687,0.5744567,0
669,1,0.01,8,0.4,150,0.15,0,-0.064516129,0.158937104,0.45868978,0
670,1,0.01,10,0.5,150,0.15,0,-0.064516129,0.085711969,0.36326787,0
671,1,0.01,12,0.6,150,0.15,0,-0.032258065,0.048712831,0.28567287,0
672,1,0.01,14,0.7,150,0.15,0,-0.032258065,0.047185619,0.2242987,0
673,1,0.01,16,0.8,150,0.15,0,-0.032258065,0.047213622,0.1782686,0
674,1,0.01,18,0.9,150,0.15,0,-0.032258065,0.047056778,0.14714126,0
675,10,0.01,2,0.1,150,0.15,0.716216216,-0.096774194,0.064751411,0.8771689,0
676,10,0.01,4,0.2,150,0.15,0.716216216,-0.096774194,0.066672854,0.71398234,0
677,10,0.01,6,0.3,150,0.15,0.716216216,-0.096774194,0.065568868,0.57401776,0
678,10,0.01,8,0.4,150,0.15,0.716216216,-0.064516129,0.072286989,0.4579866,0
679,10,0.01,10,0.5,150,0.15,0.641891892,-0.064516129,0.305913799,0.36232284,0
680,10,0.01,12,0.6,150,0.15,0.297297297,-0.032258065,0.515484503,0.28451324,0
681,10,0.01,14,0.7,150,0.15,0,-0.032258065,0.544443125,0.22297052,0
682,10,0.01,16,0.8,150,0.15,0.02027027,-0.032258065,0.515268091,0.17680119,0
683,10,0.01,18,0.9,150,0.15,0.006756757,0,0.514857804,0.14557454,0
684,0.01,0.01,2,0.1,200,0.2,0.076923077,0,0.805456392,0.8752827,0
685,0.01,0.01,4,0.2,200,0.2,0.076923077,0,0.647395426,0.70683056,0
686,0.01,0.01,6,0.3,200,0.2,0.076923077,0,0.514434632,0.5607246,0
687,0.01,0.01,8,0.4,200,0.2,0.076923077,0,0.403751223,0.43885863,0
688,0.01,0.01,10,0.5,200,0.2,0.076923077,0,0.312099547,0.3379969,0
689,0.01,0.01,12,0.6,200,0.2,0.076923077,0,0.237419064,0.25574473,0
690,0.01,0.01,14,0.7,200,0.2,0.076923077,0,0.178799959,0.19060068,0
691,0.01,0.01,16,0.8,200,0.2,0.076923077,0,0.135202277,0.14168526,0
692,0.01,0.01,18,0.9,200,0.2,0.076923077,0,0.107269049,0.10860087,0
693,0.1,0.01,2,0.1,200,0.2,0,0,0.741505589,0.8753227,0
694,0.1,0.01,4,0.2,200,0.2,0,0,0.5976575,0.70718735,0
695,0.1,0.01,6,0.3,200,0.2,0,0,0.474612381,0.5615321,0
696,0.1,0.01,8,0.4,200,0.2,0,0,0.372694187,0.44013166,0
697,0.1,0.01,10,0.5,200,0.2,0,0,0.288766018,0.33970994,0
698,0.1,0.01,12,0.6,200,0.2,0,0,0.220104437,0.25785163,0
699,0.1,0.01,14,0.7,200,0.2,0,0,0.166492155,0.19304147,0
700,0.1,0.01,16,0.8,200,0.2,0,0,0.128099666,0.14438932,0
701,0.1,0.01,18,0.9,200,0.2,0,0,0.100932679,0.11148886,0
702,1,0.01,2,0.1,200,0.2,0,-0.032258065,0.353207395,0.8753573,0.013605442
703,1,0.01,4,0.2,200,0.2,0,-0.032258065,0.209520455,0.7074944,0
704,1,0.01,6,0.3,200,0.2,0,-0.032258065,0.105891479,0.56222326,0
705,1,0.01,8,0.4,200,0.2,0,-0.032258065,0.048487768,0.44121462,0
706,1,0.01,10,0.5,200,0.2,0,-0.032258065,0.051870015,0.3411571,0
707,1,0.01,12,0.6,200,0.2,0,-0.032258065,0.052381293,0.25961953,0
708,1,0.01,14,0.7,200,0.2,0,-0.032258065,0.051008717,0.19507705,0
709,1,0.01,16,0.8,200,0.2,0,-0.032258065,0.050069423,0.14663309,0
710,1,0.01,18,0.9,200,0.2,0,-0.032258065,0.04939383,0.1138766,0
711,10,0.01,2,0.1,200,0.2,0.648648649,-0.032258065,0.067635906,0.8753525,0
712,10,0.01,4,0.2,200,0.2,0.648648649,-0.032258065,0.067642203,0.70745236,0
713,10,0.01,6,0.3,200,0.2,0.648648649,-0.032258065,0.066530135,0.5621285,0
714,10,0.01,8,0.4,200,0.2,0.648648649,-0.032258065,0.063571651,0.44106525,0
715,10,0.01,10,0.5,200,0.2,0.648648649,-0.032258065,0.069312823,0.3409565,0
716,10,0.01,12,0.6,200,0.2,0.439189189,0,0.394415016,0.2593727,0
717,10,0.01,14,0.7,200,0.2,0.189189189,0,0.404095938,0.19479118,0
718,10,0.01,16,0.8,200,0.2,0,0,0.518842176,0.14631641,0
719,10,0.01,18,0.9,200,0.2,0.013513514,0,0.401514381,0.11353838,0
720,0.01,0.01,2,0.1,300,0.3,0.076923077,0,0.782122793,0.8723337,0
721,0.01,0.01,4,0.2,300,0.3,0.076923077,0,0.624023133,0.6999656,0
722,0.01,0.01,6,0.3,300,0.3,0.076923077,0,0.49206578,0.55083424,0
723,0.01,0.01,8,0.4,300,0.3,0.076923077,0,0.382246867,0.4265448,0
724,0.01,0.01,10,0.5,300,0.3,0.076923077,0,0.291291141,0.32371095,0
725,0.01,0.01,12,0.6,300,0.3,0.076923077,0,0.217110893,0.23987345,0
726,0.01,0.01,14,0.7,300,0.3,0.076923077,0,0.158799819,0.1734998,0
727,0.01,0.01,16,0.8,300,0.3,0.076923077,0,0.115332333,0.12369487,0
728,0.01,0.01,18,0.9,300,0.3,0.076923077,0,0.087310967,0.090054646,0
729,0.1,0.01,2,0.1,300,0.3,0,0,0.71260148,0.87233585,0
730,0.1,0.01,4,0.2,300,0.3,0,0,0.570042994,0.69998306,0
731,0.1,0.01,6,0.3,300,0.3,0,0,0.447988302,0.5508735,0
732,0.1,0.01,8,0.4,300,0.3,0,0,0.346424905,0.42660657,0
733,0.1,0.01,10,0.5,300,0.3,0,0,0.262555789,0.32379407,0
734,0.1,0.01,12,0.6,300,0.3,0,0,0.19416191,0.23997563,0
735,0.1,0.01,14,0.7,300,0.3,0,0,0.14021965,0.17361817,0
736,0.1,0.01,16,0.8,300,0.3,0,0,0.100531909,0.12382602,0
737,0.1,0.01,18,0.9,300,0.3,0,0,0.076102265,0.090194725,0
738,1,0.01,2,0.1,300,0.3,0,-0.032258065,0.087654028,0.87233734,0
739,1,0.01,4,0.2,300,0.3,0,-0.032258065,0.068018678,0.69999754,0
740,1,0.01,6,0.3,300,0.3,0,-0.032258065,0.06331639,0.5509062,0
741,1,0.01,8,0.4,300,0.3,0,-0.032258065,0.060258837,0.42665786,0
742,1,0.01,10,0.5,300,0.3,0,-0.032258065,0.057910522,0.3238629,0
743,1,0.01,12,0.6,300,0.3,0,-0.032258065,0.056078522,0.24006036,0
744,1,0.01,14,0.7,300,0.3,0,-0.032258065,0.054740617,0.17371634,0
745,1,0.01,16,0.8,300,0.3,0,-0.032258065,0.053881761,0.12393476,0
746,1,0.01,18,0.9,300,0.3,0,-0.032258065,0.05329033,0.09031087,0
747,10,0.01,2,0.1,300,0.3,0.513513514,0,0.068471103,0.87233716,0
748,10,0.01,4,0.2,300,0.3,0.513513514,0,0.06875572,0.6999956,0
749,10,0.01,6,0.3,300,0.3,0.513513514,0,0.069010872,0.5509016,0
750,10,0.01,8,0.4,300,0.3,0.513513514,0,0.066051917,0.4266507,0
751,10,0.01,10,0.5,300,0.3,0.513513514,0,0.066938042,0.3238533,0
752,10,0.01,12,0.6,300,0.3,0.513513514,0,0.068123254,0.24004851,0
753,10,0.01,14,0.7,300,0.3,0.337837838,0,0.266027867,0.17370261,0
754,10,0.01,16,0.8,300,0.3,0.141891892,0,0.28349101,0.12391956,0
755,10,0.01,18,0.9,300,0.3,0.013513514,0,0.365813897,0.090294614,0
